ID,Education,Income,Recency,NumDealsPurchases,NumWebPurchases,NumCatalogPurchases,NumStorePurchases,NumWebVisitsMonth,Complain,Response,Age,Customer_Tenure_Days,Total_Spending,Total_Children,Living_With,cluster,PCA1,PCA2,PCA3
5524,Graduate,58138.0,58,3,8,10,4,7,0,1,69,663,1617,0,Alone,3,2.709,2.402,0.1953
2174,Graduate,46344.0,38,2,1,1,2,5,0,0,72,113,27,2,Alone,2,-1.7612,1.8456,-0.8204
4141,Graduate,71613.0,26,1,8,2,10,4,0,0,61,312,776,0,Partner,1,1.8219,-1.071,-1.2443
6182,Graduate,26646.0,26,2,2,0,4,6,0,0,42,139,53,1,Partner,0,-2.0564,-0.8295,-1.6966
5324,Postgraduate,58293.0,94,5,5,3,6,5,0,0,45,161,422,1,Partner,0,-0.0527,-1.3295,1.2328
7446,Postgraduate,62513.0,16,2,6,4,10,6,0,0,59,293,716,1,Partner,1,1.0534,-1.3076,1.4333
965,Graduate,55635.0,34,4,7,3,7,6,0,0,55,593,590,1,Alone,2,0.4081,1.8686,-0.007
6177,Postgraduate,33454.0,32,2,4,0,4,8,0,0,41,417,169,1,Partner,0,-1.7852,-0.9788,1.0821
4855,Postgraduate,30351.0,19,1,3,0,2,9,0,1,52,388,46,1,Partner,0,-1.925,-0.3645,1.4801
5899,Postgraduate,5648.0,68,1,1,0,0,20,0,0,76,108,49,2,Partner,0,-4.9231,-0.9249,2.2932
1994,Graduate,51381.5,11,1,1,0,2,7,0,0,43,226,19,1,Partner,0,-1.9817,-0.732,-1.7157
387,Undergraduate,7500.0,59,1,2,0,3,8,0,0,50,593,61,0,Partner,0,-2.5384,-0.7434,-0.5985
2125,Graduate,63033.0,82,1,3,4,8,2,0,0,67,226,1102,0,Alone,3,1.8519,1.7664,-1.7154
8180,Postgraduate,59354.0,53,3,6,1,5,6,0,0,74,226,310,2,Alone,2,-0.5122,1.4621,2.1577
2569,Graduate,17323.0,38,1,1,0,3,8,0,0,39,627,46,0,Partner,0,-2.2602,-0.5448,-1.7404
2114,Postgraduate,82800.0,23,1,7,6,12,3,0,1,80,582,1315,0,Alone,3,4.016,2.0515,2.0527
9736,Graduate,41850.0,51,3,3,0,3,8,0,0,46,552,96,2,Partner,0,-2.3106,-0.9048,-0.6211
4939,Graduate,37760.0,20,2,4,1,6,7,0,0,80,667,317,0,Partner,0,-0.421,-0.8736,-0.5366
6565,Postgraduate,76995.0,91,2,11,4,9,5,0,0,77,458,1782,1,Partner,1,2.8357,-1.5154,2.084
2278,Undergraduate,33812.0,86,2,2,1,3,6,0,0,41,603,133,1,Alone,2,-1.9314,1.9403,-0.3293
9360,Graduate,37040.0,41,1,4,2,5,8,0,0,44,690,316,0,Partner,0,-0.8129,-0.7267,-1.4201
5376,Graduate,2447.0,42,15,0,28,0,1,0,0,47,539,1730,1,Partner,1,2.3178,-1.2118,0.404
1993,Postgraduate,58607.0,63,3,2,3,9,8,0,0,77,553,972,1,Partner,1,0.4157,-1.2645,2.0189
4047,Postgraduate,65324.0,0,3,6,2,9,4,0,0,72,169,544,1,Partner,1,0.9143,-1.369,1.6444
1409,Graduate,40689.0,69,7,7,1,5,8,0,0,75,468,444,1,Partner,0,-0.837,-1.1058,0.7
7892,Graduate,18589.0,89,2,2,1,3,7,0,0,57,543,75,0,Alone,2,-1.6551,2.0781,-1.3094
2404,Graduate,53359.0,4,4,5,1,4,7,0,0,50,398,257,2,Partner,0,-1.3876,-0.9505,-0.2013
5255,Graduate,51381.5,19,0,27,0,0,1,0,0,40,494,637,1,Alone,3,1.7668,1.8446,-0.1632
9422,Graduate,38360.0,26,2,2,1,4,3,0,0,37,394,131,1,Partner,0,-1.2155,-0.8599,-1.8821
1966,Postgraduate,84618.0,96,1,6,9,10,2,0,0,61,219,1672,0,Partner,1,3.8762,-1.4253,0.4809
6864,Postgraduate,10979.0,34,2,3,0,3,5,0,0,37,38,30,0,Alone,2,-1.7861,1.9173,0.1454
3033,Postgraduate,38620.0,56,1,2,5,3,3,0,0,63,414,318,0,Partner,0,0.0896,-1.0578,0.3611
5710,Graduate,40548.0,31,2,2,1,4,5,0,0,56,627,120,1,Partner,0,-1.2466,-0.8447,-1.1041
7373,Postgraduate,46610.0,8,6,4,1,6,6,0,1,74,608,302,2,Alone,2,-0.5339,2.0959,3.3822
8755,Postgraduate,68657.0,4,1,3,5,9,7,0,0,80,494,1196,0,Partner,1,1.7448,-1.2224,1.3468
10738,Postgraduate,49389.0,55,1,2,0,3,7,0,0,75,304,65,2,Alone,2,-1.7093,1.617,1.5699
4339,Postgraduate,67353.0,37,5,5,6,12,2,0,0,56,180,913,1,Partner,1,2.1099,-1.4921,1.4426
10755,Undergraduate,23718.0,76,3,3,1,2,7,0,0,50,300,81,1,Partner,0,-2.446,-1.0544,-0.3674
8595,Graduate,42429.0,99,2,1,1,3,5,0,0,53,138,67,1,Alone,2,-1.4852,1.8713,-1.6822
2968,Postgraduate,48948.0,53,2,7,10,5,6,0,1,83,513,902,0,Alone,3,2.3479,2.1759,2.2642
8601,Graduate,80011.0,3,2,8,6,5,4,0,0,46,426,1395,1,Partner,1,1.9221,-1.0495,-1.0237
503,Postgraduate,20559.0,88,2,2,0,3,8,0,0,41,474,53,1,Partner,0,-2.4251,-0.9199,0.9192
8430,Graduate,21994.0,4,1,0,0,3,5,0,0,69,552,22,1,Partner,0,-2.0225,-0.8008,-1.2696
7281,Postgraduate,51381.5,80,1,1,3,4,2,0,0,67,236,186,0,Alone,2,0.2084,1.6668,0.2055
2139,Postgraduate,7500.0,19,3,2,0,3,5,0,0,51,270,31,1,Partner,0,-2.2891,-0.9824,0.965
1371,Graduate,79941.0,72,1,2,4,9,1,0,0,50,1,984,0,Alone,3,2.0781,1.7585,-2.3416
9909,Undergraduate,7500.0,24,3,3,1,3,9,0,1,30,597,122,0,Partner,0,-2.2809,-0.195,-0.1238
7286,Graduate,41728.0,92,1,2,0,2,10,0,0,58,401,55,1,Partner,0,-2.3113,-0.8345,-1.185
7244,Graduate,51381.5,96,3,2,1,4,6,0,0,75,179,124,3,Alone,2,-1.7722,1.6145,-0.1829
6566,Postgraduate,72550.0,39,9,5,2,12,8,0,0,72,598,1319,2,Partner,0,0.839,-1.5603,3.6763
8614,Graduate,65486.0,29,1,4,2,10,2,0,0,69,48,507,1,Alone,3,1.1068,1.6341,-1.385
4114,Postgraduate,79143.0,2,1,6,9,13,3,0,0,62,687,1693,0,Partner,1,4.0786,-1.2848,1.2028
1331,Graduate,35790.0,54,2,2,0,3,7,0,0,49,543,72,1,Alone,2,-1.8782,2.1045,-0.9607
2225,Graduate,82582.0,54,1,4,9,7,1,0,1,49,22,1617,0,Alone,3,3.6225,2.3001,-1.813
9381,Graduate,66373.0,57,7,4,2,10,3,0,0,48,382,606,2,Partner,0,0.2778,-1.312,-0.2183
6260,Postgraduate,82384.0,55,1,3,10,13,1,0,1,71,587,1957,0,Partner,1,4.868,-0.8765,1.129
10383,Graduate,70287.0,30,1,5,5,10,3,0,1,60,453,1093,0,Alone,3,2.7493,2.3201,-1.0045
7437,Graduate,27938.0,31,1,1,0,4,3,0,0,38,62,29,1,Alone,2,-1.6616,2.0086,-2.2193
8557,Graduate,51381.5,57,2,2,0,3,6,0,0,44,377,46,1,Alone,2,-1.5291,1.9915,-1.392
8375,Postgraduate,55954.0,63,3,8,2,6,7,0,0,58,118,518,1,Partner,0,0.0191,-1.3276,1.5051
6853,Postgraduate,75777.0,12,1,3,6,11,1,0,1,44,360,1438,0,Alone,3,3.3847,2.1736,0.6345
3076,Graduate,66653.0,18,4,4,2,12,3,0,0,51,660,612,2,Partner,0,0.7044,-1.1477,-0.2669
1012,Graduate,61823.0,26,4,8,2,10,7,0,0,74,496,884,1,Alone,2,1.0605,1.7239,0.5177
6518,Postgraduate,67680.0,8,1,7,3,8,5,0,0,75,383,606,1,Alone,3,1.2159,1.5533,1.7836
4137,Graduate,70666.0,29,1,7,4,4,4,0,0,78,205,1076,0,Partner,1,1.6402,-1.0641,-1.208
8082,Graduate,25721.0,75,1,1,1,2,7,0,1,55,404,34,1,Partner,0,-1.8705,-0.2697,-1.1821
1386,Graduate,32474.0,0,1,1,0,2,7,0,0,59,49,11,2,Partner,0,-2.6406,-0.8461,-1.2137
9369,Undergraduate,88194.0,19,1,11,10,10,5,0,1,47,102,1274,1,Alone,3,3.4466,2.0122,0.3508
4477,Graduate,69096.0,4,1,5,2,10,4,0,0,68,275,653,1,Partner,0,1.0621,-1.1148,-1.0136
1357,Graduate,74854.0,90,7,2,5,5,5,0,0,56,447,1562,3,Partner,1,0.2589,-1.2821,0.3111
1402,Postgraduate,66991.0,1,3,4,8,6,3,0,0,72,656,1253,0,Partner,1,2.3752,-1.1807,1.476
10629,Undergraduate,51381.5,25,3,3,0,3,8,0,0,53,653,109,1,Partner,0,-1.939,-0.994,0.2145
6312,Graduate,65031.0,29,4,10,3,13,7,0,0,67,469,863,1,Partner,1,1.6278,-1.2449,0.3153
8132,Postgraduate,60631.0,88,5,9,2,8,7,0,0,51,450,661,2,Partner,0,0.1097,-1.4305,2.4217
1050,Graduate,28332.0,58,1,2,1,4,2,0,0,74,60,65,0,Partner,0,-0.6658,-0.949,-2.0148
5846,Graduate,40246.0,68,1,1,0,2,6,0,0,49,557,13,1,Alone,2,-1.8804,2.0862,-1.4109
1859,Postgraduate,75251.0,34,1,7,6,5,5,0,1,54,671,1890,0,Partner,1,2.9265,-0.5429,1.5041
7503,Graduate,75825.0,40,0,5,8,9,4,0,1,50,625,2209,0,Alone,3,3.852,2.4178,-1.1165
10401,Undergraduate,26326.0,12,1,0,0,3,3,1,0,50,298,18,0,Partner,0,-1.9773,-0.8705,-1.8757
1618,Graduate,56046.0,9,2,10,1,8,8,0,1,61,543,692,0,Partner,0,1.0967,-0.3541,0.0569
3332,Graduate,29760.0,87,4,3,1,4,8,0,0,41,669,165,1,Alone,2,-1.8279,2.0558,-0.5507
2261,Graduate,26304.0,5,1,1,0,2,7,0,0,57,371,16,1,Partner,0,-2.3495,-0.7108,-1.327
5346,Undergraduate,23559.0,87,3,3,0,3,7,0,0,53,361,79,1,Partner,0,-2.4315,-1.0366,-0.1816
4119,Postgraduate,38620.0,56,1,2,5,3,3,0,0,63,414,318,0,Partner,0,0.0879,-1.0661,0.3453
535,Graduate,81361.0,18,1,3,10,13,1,0,0,39,124,778,0,Alone,3,3.2826,1.7766,-2.1891
5268,Graduate,29440.0,95,2,1,0,4,7,0,0,66,322,56,2,Partner,0,-2.3719,-1.0063,-0.877
273,Postgraduate,36138.0,48,5,3,1,4,7,0,0,56,348,151,2,Partner,0,-1.9215,-1.177,2.0687
4452,Graduate,50388.0,3,4,6,1,6,7,0,1,69,32,372,1,Alone,2,-0.1225,2.3293,0.1646
8504,Graduate,79593.0,70,1,5,6,7,2,0,0,53,48,1366,0,Partner,1,2.4957,-1.1604,-2.2301
771,Graduate,54178.0,79,1,2,2,5,2,0,0,59,159,194,1,Partner,0,-0.2706,-1.0293,-1.8991
8996,Postgraduate,51381.5,4,12,7,2,8,9,0,0,69,587,603,3,Partner,0,-1.029,-1.5569,4.6664
9235,Graduate,51381.5,45,1,1,0,2,7,0,0,69,33,18,2,Alone,2,-2.0932,1.8313,-1.0656
5798,Postgraduate,51381.5,87,1,2,4,8,1,0,0,53,218,985,0,Partner,1,1.4311,-1.2506,-0.158
11178,Postgraduate,42394.0,69,1,1,0,3,7,0,0,54,98,32,1,Alone,2,-1.8119,1.7375,0.5571
2230,Postgraduate,23626.0,84,3,3,1,3,5,0,0,56,36,43,1,Partner,0,-1.7164,-1.163,0.8059
7516,Graduate,30096.0,30,1,2,0,3,6,0,0,43,38,45,1,Partner,0,-2.0852,-0.8329,-1.993
7247,Graduate,47916.0,72,5,7,4,6,6,0,0,66,584,606,1,Alone,2,0.3344,1.736,0.185
11100,Graduate,51813.0,37,2,2,0,3,7,0,0,54,444,63,2,Alone,2,-1.9253,1.9117,-0.7278
4646,Undergraduate,78497.0,44,1,5,7,12,2,0,0,75,210,978,0,Partner,1,2.837,-1.3966,-0.5867
3037,Postgraduate,50150.0,32,2,5,2,7,5,0,0,43,374,410,0,Partner,0,0.2488,-1.0572,0.6779
1473,Undergraduate,47823.0,0,2,2,0,3,8,0,0,66,341,72,1,Alone,2,-1.9442,1.8963,0.2873
1016,Postgraduate,34554.0,43,2,2,0,3,6,0,0,67,91,55,1,Alone,2,-1.6314,1.7536,1.1678
4518,Graduate,85693.0,59,2,9,5,11,5,0,0,47,435,1169,1,Partner,1,2.3969,-1.1803,-0.7757
9370,Postgraduate,65846.0,68,1,6,3,6,4,0,0,81,408,1120,0,Partner,1,1.7005,-1.3229,1.0655
8908,Graduate,87195.0,35,1,3,11,5,1,0,1,67,52,1097,0,Partner,1,3.3292,-0.6318,-1.81
8373,Undergraduate,24594.0,94,1,1,0,3,5,0,0,47,201,29,1,Partner,0,-2.3878,-1.0362,-1.1888
7533,Graduate,49096.0,15,4,4,1,4,7,0,0,62,278,187,2,Partner,0,-1.5547,-1.0535,-0.2543
2683,Graduate,52413.0,56,4,6,4,12,6,0,0,57,512,910,2,Partner,1,0.7333,-1.2021,0.066
3629,Graduate,38557.0,17,2,3,1,3,7,0,0,48,557,145,1,Alone,2,-1.5388,2.1103,-0.8482
10991,Postgraduate,89058.0,18,1,5,4,4,2,0,0,66,569,850,0,Partner,1,1.9523,-1.2215,0.7047
5077,Graduate,77298.0,46,1,6,6,11,3,0,0,47,239,969,1,Partner,1,2.1921,-1.17,-1.5263
7431,Postgraduate,68126.0,40,1,7,4,5,9,0,1,35,596,1820,0,Alone,3,1.8214,2.4225,1.5152
3267,Postgraduate,57288.0,27,3,8,1,8,6,0,0,63,4,608,1,Partner,1,0.368,-1.3397,1.6039
999,Graduate,86037.0,95,1,6,7,11,3,0,1,35,543,730,0,Alone,3,3.1133,2.3785,-1.309
9215,Postgraduate,43974.0,19,5,6,4,6,7,0,0,46,564,551,1,Partner,0,-0.2047,-1.1694,1.9422
2286,Graduate,50785.0,27,2,2,1,3,6,0,0,64,292,114,2,Alone,2,-1.5631,1.9006,-0.6102
1592,Graduate,90765.0,25,0,4,6,5,1,0,0,56,156,1724,0,Partner,1,2.8855,-1.0245,-2.2636
367,Undergraduate,36550.0,74,5,9,1,5,9,0,0,48,495,577,1,Partner,0,-1.1858,-1.0903,0.9956
5234,Undergraduate,30753.0,85,2,1,1,3,5,0,0,59,353,81,2,Partner,0,-2.3603,-1.1317,-0.2586
9862,Graduate,21918.0,37,2,2,0,3,6,0,0,57,227,33,1,Partner,0,-2.148,-0.888,-1.4349
9805,Postgraduate,56129.0,65,4,6,2,10,4,0,0,73,374,660,1,Partner,1,0.9321,-1.4722,1.825
6205,Postgraduate,32557.0,13,3,2,1,3,5,0,1,59,125,80,1,Alone,2,-1.1228,2.2942,1.5083
8442,Postgraduate,19510.0,63,2,1,0,3,7,0,0,41,298,30,2,Partner,0,-2.8425,-1.0565,0.8641
7386,Graduate,30992.0,83,1,1,0,3,7,0,0,50,433,43,1,Alone,2,-2.0817,2.0461,-1.4457
7215,Graduate,101970.0,69,0,6,8,13,2,0,1,43,474,1135,0,Alone,3,4.322,2.2456,-1.4761
1491,Undergraduate,71488.0,87,2,3,4,7,1,0,0,61,496,559,0,Partner,0,1.2322,-1.2024,-0.8067
11071,Graduate,79607.0,37,1,3,6,6,1,0,1,42,434,1923,0,Alone,3,3.16,2.403,-1.7692
3381,Postgraduate,54348.0,51,2,2,0,4,6,0,0,73,21,90,2,Partner,0,-1.5219,-1.2971,1.349
8268,Postgraduate,51381.5,23,3,6,1,7,6,0,0,65,353,404,1,Partner,0,-0.1449,-1.2642,1.695
11051,Postgraduate,77376.0,72,4,6,3,10,4,0,0,70,50,661,2,Partner,1,1.0451,-1.6504,1.7892
8026,Graduate,62998.0,10,5,5,4,5,5,0,0,74,272,463,1,Partner,0,0.2727,-1.1633,-0.2486
433,Postgraduate,61331.0,42,5,11,1,6,8,0,0,68,476,632,2,Alone,2,0.0428,1.5098,3.3499
9597,Graduate,73448.0,10,1,7,2,9,4,0,0,57,139,725,0,Partner,1,1.5352,-1.0869,-1.6107
1295,Graduate,51381.5,96,1,6,5,7,4,0,0,63,322,725,1,Partner,0,0.9034,-1.1027,-1.1986
5290,Postgraduate,41551.0,51,5,5,1,5,8,0,0,62,319,279,2,Partner,0,-1.5037,-1.2837,2.3445
1685,Postgraduate,62981.0,21,1,4,5,13,3,0,0,59,469,1482,0,Partner,1,2.7781,-1.2377,0.8017
5342,Undergraduate,9548.0,31,2,1,0,3,8,0,0,50,690,29,1,Alone,2,-2.924,2.0479,0.0743
9579,Postgraduate,33762.0,61,3,2,2,2,8,0,0,67,357,106,3,Partner,0,-2.5534,-1.2665,2.0502
7660,Postgraduate,35860.0,37,2,1,1,2,5,0,1,53,41,49,2,Alone,2,-1.6977,2.2447,1.2996
1461,Postgraduate,36921.0,74,2,2,0,3,7,0,0,61,336,38,2,Alone,2,-2.111,1.7317,1.6083
821,Postgraduate,92859.0,46,1,5,4,12,2,0,0,34,618,2077,0,Alone,3,3.72,1.6707,0.588
11084,Postgraduate,65104.0,4,2,3,5,7,7,0,1,50,227,1053,1,Partner,1,0.9873,-0.6648,1.3698
8690,Graduate,86111.0,73,1,5,7,10,2,0,0,64,436,1385,0,Partner,1,3.2861,-1.2069,-1.6439
2937,Postgraduate,68352.0,47,3,8,5,9,6,0,0,52,305,871,1,Alone,3,1.5187,1.5434,1.8092
9701,Graduate,41883.0,13,3,4,2,3,7,0,0,38,467,312,1,Partner,0,-1.3432,-0.8205,-1.1029
9949,Graduate,59809.0,36,3,3,3,6,8,0,0,50,619,877,2,Partner,0,-0.5541,-1.0071,-0.3869
10837,Graduate,23957.0,47,1,2,0,3,6,0,1,51,609,68,1,Partner,0,-1.6725,-0.2405,-1.0552
3120,Graduate,38547.0,49,1,1,0,2,8,1,0,45,305,22,1,Partner,0,-2.5458,-0.6911,-2.0043
5885,Undergraduate,35688.0,94,7,4,1,4,8,0,0,53,676,211,3,Partner,0,-2.6967,-1.2593,1.64
4050,Postgraduate,49605.0,65,1,2,1,4,3,0,0,60,8,127,0,Partner,0,-0.3747,-1.1512,-0.0484
3830,Postgraduate,59354.0,59,1,4,4,7,3,0,0,73,66,459,2,Partner,1,0.4051,-1.4325,1.1279
7987,Graduate,65747.0,96,4,8,1,6,6,0,0,57,114,460,1,Partner,0,0.0466,-1.2126,-0.7161
7798,Undergraduate,46344.0,28,4,7,1,5,7,0,0,54,562,429,1,Partner,0,-0.9401,-1.1124,0.6364
92,Graduate,34176.0,12,4,3,0,4,6,0,0,38,48,89,1,Alone,2,-1.7946,2.0239,-1.1123
7055,Postgraduate,61010.0,57,2,8,5,11,5,0,0,74,628,1021,1,Partner,1,2.0227,-1.407,2.0142
10240,Graduate,69372.0,10,1,10,4,6,4,0,1,77,495,1381,0,Partner,1,2.7582,-0.5498,-0.3693
3025,Graduate,49967.0,4,3,6,1,5,7,0,0,68,356,306,1,Alone,2,-0.5666,1.8961,-0.1469
9283,Graduate,60199.0,49,1,0,0,3,4,0,0,48,290,18,3,Alone,2,-1.9919,1.8256,-1.2463
9970,Graduate,55375.0,3,1,1,1,6,2,0,0,49,255,162,1,Partner,0,-0.4736,-0.9628,-2.0412
2730,Graduate,80317.0,64,1,3,4,10,1,0,0,71,313,1231,0,Alone,3,2.7107,1.6973,-1.5802
2795,Postgraduate,30523.0,0,1,1,0,2,7,0,0,68,363,13,3,Alone,2,-2.7503,1.7724,1.9383
9260,Postgraduate,70356.0,20,2,10,6,9,6,0,0,81,601,1706,0,Partner,1,3.1172,-1.3556,2.0637
8182,Graduate,23228.0,91,4,3,0,4,8,0,0,42,175,121,1,Partner,0,-2.3124,-0.9284,-1.2054
10095,Postgraduate,74165.0,9,1,5,4,10,2,0,0,51,424,1293,0,Alone,3,2.6171,1.6127,0.6212
8475,Postgraduate,157243.0,98,15,0,22,0,0,0,0,53,120,1608,1,Partner,1,4.7005,-1.8609,2.2064
4370,Graduate,43482.0,83,3,2,0,4,6,0,0,60,228,88,3,Partner,0,-2.3019,-1.1226,-0.5297
10573,Graduate,62551.0,27,1,6,7,4,3,0,0,73,223,421,0,Alone,3,1.4876,1.7796,-1.395
3712,Graduate,52332.0,63,1,3,2,6,4,0,0,67,305,259,0,Alone,2,0.2354,1.8965,-1.513
6637,Graduate,66951.0,46,1,3,4,7,1,0,0,38,239,1117,0,Alone,3,1.7186,1.8858,-2.3493
3152,Graduate,26091.0,84,3,2,1,3,5,0,0,69,124,89,2,Partner,0,-2.0616,-1.0747,-0.8732
5610,Graduate,33456.0,58,2,1,0,3,7,0,0,61,69,36,2,Partner,0,-2.5076,-0.9868,-1.135
6460,Graduate,28718.0,78,2,2,0,3,8,0,0,44,351,57,1,Partner,0,-2.3439,-0.8117,-1.4293
1349,Graduate,50447.0,4,1,3,1,3,6,0,0,56,69,148,2,Partner,0,-1.6089,-0.9287,-1.1697
1880,Postgraduate,53537.0,17,2,2,1,3,5,0,0,67,150,93,2,Partner,0,-1.3999,-1.203,1.3273
641,Graduate,52074.0,77,1,2,2,2,4,0,0,59,86,119,1,Alone,2,-0.9057,1.9113,-1.6648
8717,Postgraduate,80427.0,56,1,11,8,8,5,0,0,51,655,1835,1,Partner,1,3.2404,-1.341,1.5918
10314,Postgraduate,83837.0,79,1,9,10,5,4,0,1,78,560,1318,0,Partner,1,3.7294,-0.842,1.6926
10854,Postgraduate,38853.0,90,2,2,0,3,7,0,0,56,37,45,2,Partner,0,-2.2684,-1.261,0.9177
10492,Graduate,38285.0,96,1,0,0,3,2,0,0,67,5,10,3,Partner,0,-2.1574,-1.2183,-1.6004
6935,Undergraduate,78497.0,44,1,5,7,12,2,0,0,75,210,978,0,Partner,1,2.8335,-1.4141,-0.6199
7698,Postgraduate,51650.0,81,1,4,1,4,5,0,0,50,49,191,1,Partner,0,-0.8135,-1.2103,0.3711
3559,Undergraduate,16248.0,77,3,2,1,3,6,0,0,38,50,57,1,Partner,0,-2.595,-1.0055,-0.8544
10562,Postgraduate,66835.0,21,1,6,4,13,2,0,0,80,274,1033,0,Partner,1,2.8374,-1.46,0.9611
10796,Postgraduate,30477.0,16,1,1,1,3,6,0,0,42,158,66,1,Partner,0,-1.9321,-1.0065,0.2291
2563,Undergraduate,28249.0,80,1,2,0,3,6,0,0,65,14,43,0,Partner,0,-1.8438,-1.0213,-1.0547
3518,Graduate,25271.0,45,1,1,1,2,9,0,0,43,571,50,1,Partner,0,-2.5582,-0.6419,-1.3455
5823,Postgraduate,32303.0,63,2,1,0,4,5,0,0,56,113,39,1,Alone,2,-1.6309,1.7276,0.7207
3934,Graduate,61286.0,34,2,7,1,8,5,0,0,60,331,608,1,Partner,0,0.4724,-1.0733,-0.7822
6982,Graduate,74068.0,14,1,4,10,9,2,0,0,50,467,1581,0,Partner,1,3.2883,-1.0377,-1.8384
6431,Postgraduate,45759.0,13,2,2,0,3,7,0,0,62,491,68,2,Partner,0,-1.9746,-1.0983,1.6421
9733,Undergraduate,24882.0,52,1,1,1,2,6,0,0,48,658,80,1,Partner,0,-2.3672,-0.8952,-0.6456
5602,Postgraduate,66973.0,98,1,8,7,12,3,0,0,37,408,1282,0,Partner,1,3.0689,-1.3121,0.4022
1324,Graduate,38872.0,93,2,3,0,3,8,0,0,38,395,91,1,Partner,0,-2.0486,-0.7856,-1.3799
326,Graduate,51148.0,38,4,5,1,6,6,0,0,53,496,315,2,Partner,0,-0.9778,-1.0105,-0.1502
7224,Graduate,31353.0,24,2,1,1,2,8,0,0,49,182,31,2,Partner,0,-2.7462,-0.8623,-1.1528
6999,Postgraduate,69661.0,80,1,7,3,12,3,0,0,46,47,834,0,Partner,1,2.1379,-1.3738,0.2022
9938,Graduate,80067.0,82,1,4,6,6,2,0,0,72,283,1600,0,Partner,1,2.6636,-1.194,-1.8061
6422,Graduate,86718.0,20,1,5,6,5,2,0,0,72,528,1270,0,Partner,1,2.5833,-1.057,-1.3676
3182,Postgraduate,46854.0,81,6,5,1,3,8,0,1,53,90,263,2,Alone,2,-1.3349,2.1105,2.6526
7300,Graduate,69142.0,50,3,8,1,7,5,0,0,74,0,535,1,Alone,2,0.6698,1.5986,-0.4664
10424,Graduate,75922.0,60,1,4,4,9,1,0,0,58,202,1295,0,Alone,3,2.5141,1.689,-1.965
8727,Graduate,63693.0,63,3,11,6,9,6,0,0,48,258,1150,1,Alone,3,1.9379,1.651,-0.4249
2798,Postgraduate,102160.0,54,0,7,9,10,4,0,1,49,604,1240,0,Partner,1,4.0936,-0.6998,1.1044
1030,Postgraduate,40637.0,72,2,1,0,3,7,0,0,61,347,38,2,Alone,2,-2.1317,1.7428,1.5519
624,Postgraduate,18890.0,5,1,0,1,2,6,0,1,42,596,35,0,Alone,2,-1.487,2.6969,0.9036
5176,Graduate,29604.0,88,1,1,0,3,9,0,0,38,203,53,1,Partner,0,-2.6026,-0.7683,-1.843
5552,Postgraduate,48721.0,50,6,4,2,5,6,0,0,63,412,293,2,Alone,2,-0.9528,1.5311,2.5439
868,Graduate,44794.0,99,1,2,0,3,6,0,0,60,21,65,1,Partner,0,-1.6254,-0.9558,-1.7258
380,Graduate,64497.0,17,5,11,4,9,8,0,1,72,657,1804,1,Alone,3,2.4631,2.2751,1.5325
2677,Graduate,46097.0,11,5,3,1,6,4,0,0,70,455,241,1,Partner,0,-0.5929,-1.0319,-0.3197
6521,Graduate,77972.0,18,1,4,6,9,1,0,0,72,103,1101,0,Partner,1,2.7016,-1.1899,-1.825
6927,Postgraduate,44377.0,70,8,5,1,5,8,0,0,58,632,264,2,Partner,0,-1.5403,-1.3161,3.0252
2877,Postgraduate,46014.0,21,10,7,1,8,7,0,0,52,524,541,2,Partner,0,-0.7536,-1.3701,3.4756
0,Graduate,70951.0,66,1,3,4,9,1,0,0,41,421,1198,0,Partner,1,2.0649,-0.9702,-2.2138
1584,Graduate,41443.0,79,6,8,1,5,8,0,0,49,89,482,1,Partner,0,-0.9432,-1.0716,-0.2424
7264,Undergraduate,52195.0,2,1,1,0,2,8,0,0,48,48,17,3,Alone,2,-3.0311,1.7779,-0.0189
6274,Postgraduate,83790.0,81,1,8,10,6,3,0,0,78,226,1615,0,Partner,1,3.6928,-1.4516,0.9393
1377,Postgraduate,44551.0,24,2,4,1,5,7,0,0,72,302,285,1,Alone,2,-0.7481,1.7221,1.7621
454,Graduate,69508.0,48,2,11,4,11,6,0,0,46,592,1135,1,Partner,1,1.9916,-1.0737,-0.3399
1755,Undergraduate,45204.0,93,1,1,1,4,3,0,0,38,79,114,1,Partner,0,-1.4674,-1.0634,-1.5166
2075,Graduate,72460.0,56,1,3,5,7,1,0,0,57,227,1047,0,Partner,1,1.9868,-1.0497,-2.1304
4785,Postgraduate,77622.0,3,2,6,3,11,3,0,0,56,76,714,2,Partner,1,1.3073,-1.454,1.3431
9076,Postgraduate,30732.0,44,4,4,1,4,8,0,0,46,540,185,1,Partner,0,-1.698,-1.0585,1.5796
7079,Graduate,63887.0,38,5,9,6,12,6,0,0,64,659,1245,1,Alone,3,2.2987,1.6214,0.5659
4653,Graduate,42011.0,46,4,3,1,4,8,0,0,48,460,189,1,Partner,0,-1.6365,-0.8667,-0.7012
7375,Graduate,51369.0,84,2,8,2,4,8,0,0,50,612,576,1,Partner,0,-0.4183,-0.9423,-0.622
709,Graduate,51537.0,27,3,2,2,11,8,0,0,74,567,1103,1,Alone,2,0.453,1.8397,0.0434
460,Postgraduate,79930.0,72,1,3,5,8,2,0,0,54,690,1753,0,Partner,1,2.7856,-1.1744,0.5627
3726,Postgraduate,34320.0,66,1,1,0,2,8,0,0,40,133,17,1,Partner,0,-2.4272,-0.9554,0.331
6798,Graduate,37070.0,30,9,5,1,8,7,0,1,60,466,433,2,Alone,2,-0.7586,2.218,1.4782
5341,Undergraduate,81975.0,2,1,6,3,4,7,0,0,64,540,1588,1,Alone,2,0.991,1.7573,0.4559
1606,Graduate,38590.0,65,1,1,0,2,8,0,0,55,410,22,1,Partner,0,-2.2409,-0.7618,-1.352
9617,Graduate,15033.0,37,1,1,0,3,3,0,0,75,74,19,0,Alone,2,-1.3679,1.9449,-1.9031
3233,Postgraduate,62745.0,89,3,7,8,11,5,0,0,61,463,1117,1,Partner,1,2.286,-1.4238,1.7206
89,Undergraduate,22212.0,49,2,2,0,4,6,0,0,51,202,69,1,Partner,0,-2.3165,-0.9735,-0.5325
2936,Postgraduate,23661.0,46,1,1,0,3,7,0,0,44,207,23,1,Partner,0,-2.34,-0.943,0.4492
9449,Postgraduate,79761.0,32,1,5,2,11,3,0,0,68,268,605,1,Alone,2,1.656,1.4353,1.1932
7297,Graduate,7500.0,54,4,3,1,3,7,0,0,53,185,57,1,Alone,2,-2.331,1.9655,-0.844
313,Graduate,73455.0,98,1,6,5,10,3,0,0,58,244,2088,0,Alone,3,3.2613,1.714,-1.4933
9940,Graduate,64961.0,97,2,6,4,4,3,0,0,68,553,1009,1,Partner,0,1.0758,-1.1574,-0.9818
10735,Graduate,22804.0,75,1,2,0,2,9,0,0,55,333,26,1,Alone,2,-2.5294,2.0419,-1.2369
9529,Graduate,73687.0,8,1,3,9,9,2,0,1,36,213,1627,0,Partner,1,3.2689,-0.4746,-2.0343
6439,Graduate,61074.0,37,7,11,5,8,7,0,0,68,681,1102,1,Partner,1,1.4731,-1.2206,1.0316
7411,Postgraduate,31686.0,31,2,1,0,3,6,0,0,62,24,17,2,Partner,0,-2.3444,-1.1899,1.0217
2176,Graduate,80134.0,40,2,5,3,6,6,0,1,54,405,1690,1,Partner,1,1.7036,-0.4683,-0.5108
9265,Graduate,75027.0,74,2,9,4,6,5,0,0,73,536,1390,1,Partner,1,1.8573,-1.2116,-0.3872
8867,Postgraduate,67546.0,90,1,4,10,5,3,0,0,38,667,2126,0,Partner,1,2.9826,-1.1511,0.1854
8932,Postgraduate,65176.0,57,4,9,6,6,6,0,0,57,608,1531,1,Partner,1,1.8009,-1.3322,2.0999
10236,Postgraduate,31160.0,59,2,2,0,3,8,0,0,51,286,64,1,Alone,2,-2.0762,1.8047,1.0416
6340,Graduate,29938.0,52,2,1,0,3,6,0,0,41,245,26,1,Alone,2,-2.1205,2.0523,-1.603
10089,Graduate,102692.0,5,1,6,9,13,2,0,1,52,450,1112,0,Alone,3,4.4906,2.22,-1.0571
2227,Undergraduate,26490.0,92,2,3,1,5,6,0,0,68,645,210,0,Partner,0,-1.1828,-0.9981,-0.1795
10992,Graduate,75702.0,77,5,4,6,11,8,0,0,59,669,1148,2,Partner,1,1.0761,-1.2796,0.2697
5304,Postgraduate,30899.0,35,2,1,0,3,6,0,0,52,624,33,1,Alone,2,-1.8558,1.9085,1.2148
309,Postgraduate,63342.0,48,3,8,3,5,6,0,0,65,621,1101,1,Partner,1,0.925,-1.2096,2.1216
3406,Graduate,45989.0,97,4,3,2,7,3,0,0,62,615,322,1,Alone,2,-0.0557,1.7833,-0.6006
2661,Graduate,18701.0,95,4,2,0,4,5,0,0,62,390,44,2,Alone,2,-2.2209,1.8403,-0.4193
3153,Postgraduate,40737.0,24,1,1,0,2,8,0,0,69,203,17,3,Alone,2,-2.6973,1.706,1.858
10264,Graduate,15287.0,60,2,1,1,2,7,0,1,47,627,31,1,Alone,2,-2.055,2.665,-0.7905
1184,Postgraduate,69674.0,46,3,10,2,10,5,0,0,58,403,845,2,Alone,3,1.2508,1.4462,2.4509
4200,Postgraduate,44159.0,85,4,4,1,6,5,0,0,56,12,275,1,Partner,0,-0.7261,-1.3106,1.0839
9396,Postgraduate,37717.0,31,1,1,0,2,9,0,0,48,583,25,1,Partner,0,-2.351,-0.9014,0.9444
2387,Postgraduate,43776.0,9,6,5,2,4,8,0,1,74,511,275,2,Partner,0,-0.9763,-0.696,3.4092
6690,Postgraduate,38179.0,30,4,3,1,3,7,0,0,60,472,90,2,Partner,0,-1.9617,-1.1627,1.9902
1225,Graduate,80124.0,47,1,3,7,8,1,0,0,63,3,1495,0,Partner,1,2.8827,-1.1493,-2.1501
9703,Postgraduate,38097.0,70,4,3,2,2,7,0,1,56,622,184,2,Partner,0,-1.522,-0.623,2.2824
291,Graduate,72940.0,13,1,3,3,6,1,0,0,56,375,981,0,Partner,1,1.573,-0.93,-1.925
4557,Graduate,22070.0,11,2,2,2,2,6,0,0,56,268,67,1,Partner,0,-1.9474,-0.8031,-1.3114
2379,Graduate,69267.0,31,2,3,4,5,7,0,1,73,645,1635,0,Alone,3,1.7999,2.5074,-0.1766
5726,Postgraduate,31788.0,15,3,3,0,4,5,1,0,43,101,60,1,Alone,2,-1.7729,1.8304,0.5181
3066,Postgraduate,61905.0,2,2,4,2,4,5,0,0,51,145,231,1,Partner,0,-0.4383,-1.1261,0.8854
6336,Graduate,29315.0,55,4,2,0,4,6,0,0,66,84,48,2,Partner,0,-2.2589,-1.0887,-0.6581
10967,Graduate,33378.0,38,3,2,0,4,7,0,0,63,508,99,2,Alone,2,-2.1041,1.8804,-0.3056
2304,Postgraduate,66313.0,86,2,6,3,12,4,0,0,63,286,770,1,Partner,1,1.5718,-1.4266,1.3007
3445,Graduate,60714.0,56,2,7,4,10,5,0,1,70,528,957,0,Alone,3,2.3123,2.3299,-0.1933
7828,Postgraduate,77882.0,29,1,3,3,5,1,0,0,45,60,818,0,Partner,1,1.3575,-1.2024,-0.3282
3762,Postgraduate,69867.0,30,1,3,5,8,1,0,1,40,453,925,0,Alone,3,2.3849,2.2872,0.578
4391,Postgraduate,63841.0,64,1,9,3,9,6,0,0,58,434,908,1,Alone,3,1.4125,1.5694,1.6909
4669,Undergraduate,24480.0,46,3,3,0,4,7,0,0,45,503,102,1,Partner,0,-2.3206,-0.9478,-0.0985
10144,Graduate,51369.0,84,2,8,2,4,8,0,0,50,612,576,1,Partner,0,-0.4226,-0.9635,-0.6622
8652,Graduate,37760.0,20,2,4,1,6,7,0,0,80,667,317,0,Partner,0,-0.4268,-0.902,-0.5905
1672,Postgraduate,65640.0,74,1,5,1,8,2,0,0,52,120,461,1,Partner,1,0.6749,-1.306,0.4695
8962,Postgraduate,44319.0,18,2,2,0,3,5,0,0,51,73,37,2,Partner,0,-1.9248,-1.1834,0.8531
9974,Graduate,30631.0,75,1,3,1,2,7,0,0,52,352,70,1,Partner,0,-1.9416,-0.8627,-1.5374
10983,Graduate,75278.0,17,1,6,3,13,3,0,0,74,516,930,0,Partner,1,2.568,-1.1887,-1.0897
8148,Postgraduate,50898.0,88,13,6,2,12,5,0,0,70,537,859,2,Partner,0,0.3962,-1.7299,3.9929
10102,Graduate,79946.0,19,1,5,11,5,3,0,0,60,48,1478,0,Alone,3,3.0684,1.7358,-1.8027
4697,Postgraduate,35416.0,62,3,7,1,5,8,0,0,77,381,390,0,Alone,2,-0.3059,1.6936,1.9761
9262,Undergraduate,32414.0,11,1,1,0,3,7,0,0,42,360,52,0,Partner,0,-2.1259,-0.8225,-1.1376
7254,Graduate,38361.0,74,3,3,1,3,7,0,0,57,184,137,1,Partner,0,-1.673,-0.972,-1.1548
4543,Graduate,82497.0,32,1,2,7,9,4,0,0,46,606,1919,0,Partner,1,2.8192,-0.9473,-1.7561
4927,Graduate,16626.0,76,3,3,0,3,9,0,0,55,165,68,2,Partner,0,-2.9638,-0.9413,-0.6826
10451,Graduate,29672.0,6,1,0,0,3,6,0,0,61,474,25,2,Partner,0,-2.4564,-0.8667,-1.1043
2926,Postgraduate,55951.0,62,3,3,6,11,8,0,0,74,675,1374,1,Partner,1,1.4064,-1.2979,2.1717
2874,Undergraduate,35388.0,20,1,1,0,3,7,0,0,38,479,32,1,Alone,2,-2.3627,2.0477,-0.5383
9738,Postgraduate,42386.0,43,1,3,0,3,8,0,0,40,532,100,1,Partner,0,-1.8288,-0.9567,0.8086
7119,Graduate,68627.0,45,1,2,3,6,1,0,0,44,533,825,0,Alone,3,1.2818,1.9481,-2.0905
3924,Postgraduate,57912.0,34,5,8,3,12,5,0,0,61,104,916,1,Alone,3,1.5109,1.3923,2.1578
5827,Graduate,35246.0,53,4,3,1,3,5,0,0,68,74,62,2,Alone,2,-1.7616,1.7462,-0.4747
5596,Undergraduate,58821.0,44,1,9,2,9,6,0,0,70,260,728,1,Partner,1,0.6524,-1.3029,0.2788
10812,Postgraduate,46377.0,89,1,2,1,3,4,0,0,48,120,90,1,Partner,0,-1.1804,-1.1865,0.067
1717,Graduate,39747.0,43,3,5,1,4,8,0,0,38,77,273,1,Alone,2,-1.4421,1.9977,-1.0231
9491,Graduate,23976.0,68,3,3,1,3,7,0,0,42,184,66,1,Partner,0,-2.1442,-0.8934,-1.4642
9274,Postgraduate,80950.0,44,1,6,7,9,2,0,0,65,458,1213,0,Partner,1,3.1279,-1.356,0.7335
6609,Graduate,27038.0,64,1,3,0,3,9,0,1,60,649,107,0,Alone,2,-1.3365,2.7045,-0.6334
6963,Graduate,77457.0,85,1,2,5,10,1,0,0,79,116,1157,0,Alone,3,2.6636,1.5842,-1.7838
4440,Postgraduate,64100.0,93,1,8,3,6,7,0,0,62,292,546,1,Partner,1,0.4831,-1.2878,1.3585
1379,Postgraduate,42670.0,12,1,4,2,4,4,0,0,34,428,241,0,Partner,0,-0.3645,-0.8898,0.2071
10032,Graduate,12571.0,86,4,3,1,3,6,0,0,50,162,53,1,Alone,2,-2.129,1.8942,-1.1119
2826,Graduate,22574.0,28,2,2,0,3,7,0,0,59,244,37,3,Partner,0,-2.982,-0.9501,-0.5222
2437,Graduate,51381.5,69,1,6,5,12,3,0,0,37,391,1611,0,Partner,1,2.4452,-1.009,-1.8899
6320,Postgraduate,70893.0,42,1,6,6,10,3,0,0,50,508,1508,0,Alone,3,2.967,1.6227,0.8267
3050,Graduate,54198.0,13,6,3,1,6,4,0,0,60,194,235,2,Partner,0,-0.9701,-1.1504,-0.229
231,Postgraduate,28839.0,86,2,2,0,3,5,0,0,70,110,32,2,Partner,0,-2.064,-1.2304,1.2267
2392,Graduate,40321.0,59,2,3,0,3,7,0,0,54,335,102,2,Partner,0,-2.1283,-0.9196,-0.8373
9478,Graduate,66503.0,30,2,4,3,6,3,0,0,41,684,401,1,Alone,2,0.4387,1.9147,-1.193
113,Graduate,30833.0,33,2,1,0,3,5,0,0,75,348,28,2,Partner,0,-2.1216,-0.9484,-0.6795
2863,Graduate,51381.5,67,6,2,3,10,7,0,0,56,310,1052,3,Alone,2,-0.4731,1.5995,0.4634
1802,Graduate,64795.0,23,3,3,3,12,2,0,0,55,528,680,1,Partner,1,1.3132,-1.1016,-0.9719
520,Graduate,34421.0,81,1,1,0,2,7,0,0,52,363,30,1,Partner,0,-2.2149,-0.7743,-1.5549
8275,Postgraduate,47025.0,6,1,1,0,2,7,0,0,61,140,20,2,Alone,2,-2.1452,1.7471,1.2035
9750,Postgraduate,64325.0,41,5,10,3,5,7,0,0,65,507,1307,1,Alone,3,1.1493,1.5114,2.6899
2607,Graduate,40464.0,78,6,8,2,8,8,0,0,73,534,630,1,Alone,2,0.001,1.7141,0.8076
7214,Graduate,62187.0,49,1,4,8,5,3,0,0,69,359,1283,0,Partner,1,2.0873,-1.0532,-1.6397
5835,Postgraduate,14849.0,39,3,2,0,4,8,0,0,50,362,65,1,Alone,2,-2.3122,1.868,1.3898
3896,Graduate,27255.0,3,1,1,0,3,7,0,0,42,234,37,1,Partner,0,-2.3504,-0.7046,-1.7271
10350,Postgraduate,54432.0,37,1,1,0,3,4,0,0,76,416,38,3,Partner,0,-1.7554,-1.3194,1.5383
7786,Postgraduate,29999.0,22,4,3,1,4,8,0,0,40,501,160,1,Alone,2,-1.7919,1.8688,1.5914
2861,Graduate,24072.0,79,1,1,0,2,8,0,0,43,439,23,1,Alone,2,-2.5368,2.1602,-1.4319
663,Postgraduate,33996.0,46,1,1,1,3,4,0,0,37,291,71,0,Alone,2,-1.1228,1.9795,0.006
10675,Postgraduate,66334.0,82,2,9,3,5,5,0,1,70,452,1161,1,Partner,1,1.6507,-0.8358,2.0433
2521,Postgraduate,35178.0,10,1,1,1,2,7,0,1,55,535,59,1,Partner,0,-1.5487,-0.3457,1.3829
9592,Graduate,22010.0,51,2,2,0,3,8,0,0,43,364,33,1,Partner,0,-2.5082,-0.7877,-1.4302
10151,Graduate,62204.0,38,1,4,5,12,3,0,0,66,655,946,2,Alone,3,1.5914,1.6357,-0.5098
7381,Graduate,75693.0,10,1,11,4,6,4,0,1,58,570,1442,0,Alone,3,2.9833,2.4053,-0.369
4099,Graduate,30675.0,14,1,1,0,3,8,0,0,54,594,62,1,Partner,0,-2.2354,-0.6911,-1.1288
9560,Graduate,83003.0,18,1,7,6,8,3,0,1,61,483,1674,0,Partner,1,3.4699,-0.5482,-0.9636
10172,Graduate,68655.0,95,1,4,5,11,3,0,0,38,688,1538,0,Alone,3,2.5695,1.8276,-1.7797
11191,Graduate,41411.0,11,1,2,1,4,6,0,0,40,204,139,0,Alone,2,-1.0673,2.0889,-2.0534
9707,Postgraduate,55212.0,65,3,4,2,11,8,0,0,57,583,1182,1,Partner,1,0.6192,-1.2843,1.7495
6245,Postgraduate,59292.0,71,2,3,5,8,3,0,0,76,381,507,1,Partner,1,1.0117,-1.3857,1.1923
8234,Undergraduate,27190.0,13,1,1,0,2,8,0,1,53,318,18,1,Partner,0,-2.4381,-0.3442,-0.1786
1411,Graduate,82623.0,58,1,2,9,4,1,0,0,74,231,940,0,Alone,3,2.4631,1.7705,-1.7704
8553,Graduate,44300.0,65,2,1,0,3,6,0,0,61,371,42,2,Partner,0,-2.0992,-0.9955,-1.0191
1826,Graduate,84835.0,0,1,4,4,6,1,0,1,56,13,1190,0,Alone,3,2.5907,2.3773,-1.5897
8842,Graduate,30372.0,33,3,2,0,3,7,0,0,55,551,44,2,Alone,2,-2.3761,1.9663,-0.3999
11030,Postgraduate,33181.0,90,1,1,0,2,6,0,0,50,177,16,1,Partner,0,-2.1006,-1.0974,0.2254
2579,Graduate,71113.0,95,4,6,7,9,4,0,0,69,194,835,1,Partner,1,1.8164,-1.3142,-0.6188
175,Graduate,71952.0,93,2,8,4,8,4,0,0,40,535,1443,1,Partner,1,1.8435,-1.0609,-1.0451
9185,Postgraduate,69759.0,38,3,4,6,5,3,0,1,60,244,1029,0,Alone,3,2.1338,2.1336,1.2472
11056,Graduate,72099.0,18,1,3,4,10,1,0,0,52,610,1188,0,Partner,1,2.3028,-1.0327,-1.8888
9365,Postgraduate,60000.0,57,5,11,3,5,6,0,0,50,554,1277,1,Alone,3,1.1586,1.5505,2.4068
6201,Graduate,38643.0,45,2,2,0,3,7,1,0,48,212,49,2,Alone,2,-2.4854,1.9906,-1.3731
2061,Graduate,50737.0,61,1,2,0,4,6,0,0,71,414,99,1,Partner,0,-1.2061,-0.9247,-1.1014
6184,Postgraduate,68462.0,6,1,3,3,8,1,0,0,57,564,1670,0,Partner,1,2.341,-1.1653,0.474
6142,Postgraduate,65073.0,65,1,5,3,5,2,1,0,83,313,900,0,Partner,1,1.3824,-1.2751,0.4123
4107,Postgraduate,46681.0,52,2,4,6,4,5,0,0,78,264,425,2,Partner,0,-0.1709,-1.3395,1.6961
7274,Graduate,78618.0,87,1,4,7,10,2,0,0,69,639,2153,0,Partner,1,3.6907,-1.1789,-1.4443
9336,Postgraduate,62187.0,38,3,6,2,10,4,0,0,57,99,636,1,Alone,3,0.9828,1.4507,1.3404
2958,Graduate,28442.0,53,3,2,1,4,4,0,0,48,125,57,2,Partner,0,-1.9605,-0.9904,-1.2724
933,Postgraduate,37717.0,31,1,1,0,2,9,0,0,48,583,25,1,Partner,0,-2.3378,-0.8367,1.0673
5837,Graduate,51479.0,67,7,6,3,6,7,0,0,59,548,494,2,Partner,0,-0.6469,-1.1781,0.5848
10704,Graduate,54803.0,65,2,6,2,9,4,0,0,57,677,693,1,Alone,2,0.8161,1.7676,-0.681
5125,Graduate,79530.0,64,1,4,10,11,2,0,0,66,408,1348,0,Partner,1,3.5789,-1.1945,-1.6285
4432,Graduate,31615.0,82,2,2,0,3,7,0,0,50,470,51,1,Alone,2,-1.9878,2.0415,-1.108
5955,Graduate,72025.0,27,1,4,3,8,3,0,0,64,589,1932,0,Partner,1,2.4186,-1.0065,-1.3872
2928,Postgraduate,52614.0,63,2,2,4,8,8,0,0,51,575,990,1,Alone,2,0.2475,1.7493,1.5001
5680,Undergraduate,35684.0,66,1,1,0,3,6,0,0,42,68,30,1,Partner,0,-2.3595,-0.9962,-1.209
10313,Graduate,48178.0,69,6,5,1,4,8,0,0,51,609,254,2,Partner,0,-1.6649,-1.066,0.2045
2557,Postgraduate,29548.0,52,1,1,1,2,4,0,0,56,304,29,1,Alone,2,-1.5753,1.8422,0.6406
1245,Graduate,63810.0,45,4,4,3,12,8,0,0,60,595,1371,1,Alone,2,1.2074,1.7852,0.1235
1519,Postgraduate,38578.0,2,3,3,0,3,8,0,1,54,372,73,2,Alone,2,-1.8175,2.3706,2.3868
10703,Postgraduate,46098.0,86,4,3,2,2,8,0,0,51,680,120,2,Alone,2,-1.8408,1.6991,2.0687
1726,Graduate,22585.0,23,1,1,1,2,9,0,1,56,468,81,0,Alone,2,-1.6754,2.8089,-0.8865
4459,Graduate,30279.0,13,1,1,0,3,8,0,0,37,546,37,1,Alone,2,-2.3191,2.2335,-1.3217
1729,Postgraduate,66426.0,14,2,3,5,10,6,0,0,65,270,1377,1,Partner,1,1.5262,-1.2807,1.398
1517,Graduate,30822.0,92,1,1,0,3,7,0,0,57,380,51,1,Alone,2,-2.0216,2.043,-1.2918
2098,Postgraduate,33581.0,38,1,1,0,2,8,0,0,57,537,17,2,Partner,0,-2.5999,-0.9729,1.4027
9543,Graduate,19986.0,74,1,0,0,3,7,0,0,41,227,22,1,Partner,0,-2.625,-0.7958,-2.0581
6878,Graduate,27421.0,14,3,4,1,6,7,0,0,72,564,324,0,Alone,2,-0.6538,1.9919,-0.4377
3310,Undergraduate,35688.0,94,7,4,1,4,8,0,0,53,676,211,3,Partner,0,-2.6927,-1.2397,1.6774
2724,Postgraduate,36143.0,33,1,0,1,2,3,0,0,45,91,19,1,Alone,2,-1.5413,1.8494,0.1237
948,Graduate,10245.0,32,3,1,2,2,5,0,0,55,410,41,1,Alone,2,-2.0875,2.0923,-1.0126
6720,Postgraduate,43795.0,11,3,7,3,4,7,0,1,58,256,492,1,Partner,0,-0.0504,-0.6216,2.0151
6202,Graduate,63381.0,78,4,4,5,13,2,0,0,66,632,1005,1,Partner,1,2.0895,-1.2832,-0.5687
2066,Graduate,38823.0,56,1,2,1,3,6,0,0,77,668,114,1,Partner,0,-1.3159,-0.8628,-0.7856
9799,Postgraduate,83664.0,57,3,2,2,12,5,0,0,58,417,1173,2,Alone,3,1.211,1.3913,1.748
8318,Graduate,90300.0,7,0,5,6,8,1,0,0,47,177,1738,0,Partner,1,3.2488,-1.0775,-2.3429
5642,Postgraduate,62499.0,0,2,3,1,6,4,0,0,47,202,222,1,Partner,0,-0.3326,-1.1506,0.6996
2669,Graduate,74293.0,66,1,5,4,6,2,0,0,33,56,1127,0,Alone,3,1.7529,1.8782,-2.3566
455,Postgraduate,51012.0,86,1,4,1,4,6,0,0,80,437,209,0,Partner,0,-0.2479,-1.1271,1.1262
7683,Postgraduate,70777.0,80,3,5,3,12,3,0,0,58,124,787,1,Partner,1,1.5993,-1.5077,1.0223
3428,Postgraduate,68682.0,56,1,4,9,10,2,0,0,35,266,1598,0,Partner,1,3.0934,-1.2267,-0.0704
7414,Graduate,43824.0,18,4,3,1,4,8,0,0,55,652,186,2,Partner,0,-1.887,-0.9213,-0.0621
6354,Graduate,15345.0,51,2,1,1,2,8,0,1,42,667,47,1,Partner,0,-2.2982,-0.1174,-0.8598
798,Graduate,23442.0,71,1,1,0,3,7,0,0,39,552,27,1,Alone,2,-2.3056,2.1909,-1.4343
8213,Undergraduate,14515.0,71,4,2,2,3,7,0,1,46,597,96,1,Partner,0,-2.1176,-0.4259,0.3617
2488,Undergraduate,31395.0,80,4,2,1,3,6,0,0,70,463,64,2,Alone,2,-2.2585,1.6916,0.7983
9999,Graduate,75276.0,2,1,9,4,9,5,0,0,61,640,1040,0,Partner,1,2.2702,-1.0291,-0.8509
7617,Graduate,42373.0,83,5,2,1,5,5,0,0,52,318,163,2,Alone,2,-1.536,1.7504,-0.5068
615,Graduate,30507.0,29,1,5,1,4,7,0,0,66,475,343,0,Partner,0,-0.7886,-0.7685,-1.0657
2552,Postgraduate,55521.0,11,9,6,3,6,7,0,1,71,250,446,3,Alone,2,-0.4613,1.9014,4.2048
194,Graduate,48006.0,55,1,1,0,3,6,0,0,61,20,41,2,Partner,0,-2.0404,-0.9705,-1.3596
3645,Postgraduate,27213.0,19,3,2,0,4,8,0,1,54,668,70,1,Alone,2,-1.6108,2.4739,2.1863
8890,Postgraduate,65808.0,1,3,5,1,5,6,0,0,55,30,272,2,Alone,2,-0.7016,1.5517,1.6513
5049,Postgraduate,30351.0,19,1,3,0,2,9,0,0,52,388,46,1,Partner,0,-2.2823,-0.9161,1.0937
9973,Graduate,50437.0,28,3,7,1,8,7,0,0,63,620,490,2,Partner,0,-0.4463,-1.1095,0.1253
7301,Undergraduate,23616.0,76,2,3,0,3,8,0,1,44,589,79,1,Alone,2,-2.1191,2.4928,0.2982
10882,Graduate,53858.0,50,4,4,3,6,4,0,0,50,597,915,1,Partner,0,0.328,-1.0497,-0.8664
7030,Postgraduate,66465.0,1,3,11,9,12,6,0,0,71,456,1485,1,Partner,1,3.2245,-1.4642,2.4512
7422,Graduate,46923.0,90,3,5,1,7,7,0,0,39,676,369,1,Alone,2,-0.6386,1.9315,-0.6991
3523,Graduate,75072.0,83,2,5,4,8,3,0,0,64,522,1073,1,Partner,1,1.6609,-1.1608,-0.9597
7106,Postgraduate,75865.0,73,1,3,5,10,1,0,0,83,90,1242,0,Partner,1,2.8092,-1.4927,0.4345
6504,Undergraduate,19789.0,24,3,2,1,3,5,0,0,51,221,78,1,Partner,0,-2.239,-1.0151,-0.4846
5067,Graduate,80134.0,11,1,2,7,11,5,0,0,32,135,1378,0,Partner,1,2.2607,-0.9677,-2.2758
4216,Graduate,91065.0,33,1,7,9,9,3,0,1,45,492,1474,0,Alone,3,3.9882,2.3618,-1.029
8581,Postgraduate,49505.0,4,9,10,2,8,8,0,0,55,481,751,2,Partner,0,-0.1841,-1.4247,3.5874
5929,Postgraduate,37401.0,14,2,2,0,3,7,0,0,53,54,48,1,Partner,0,-1.9372,-1.0576,0.7758
3129,Graduate,30096.0,30,1,2,0,3,6,0,0,43,38,45,1,Partner,0,-2.0784,-0.7994,-1.9294
6528,Postgraduate,18492.0,75,1,1,0,2,8,0,0,44,24,10,1,Partner,0,-2.7429,-0.9935,0.2495
1361,Postgraduate,82584.0,26,1,3,4,8,1,0,1,52,390,1435,0,Partner,1,2.8826,-0.6407,0.64
6932,Postgraduate,93027.0,77,0,7,10,5,2,0,0,85,442,2119,0,Partner,1,4.3082,-1.4286,0.9019
7284,Graduate,48686.0,8,1,1,0,2,8,0,0,73,207,20,3,Partner,0,-2.6799,-1.0099,-0.4975
1340,Graduate,92910.0,42,1,6,7,13,1,0,0,40,66,1795,0,Partner,1,4.0565,-1.1844,-2.1853
8746,Graduate,75433.0,28,2,2,5,10,6,0,0,37,85,1188,1,Partner,0,1.1131,-1.0791,-1.7346
5987,Undergraduate,10404.0,52,2,1,0,4,5,0,0,37,56,43,1,Partner,0,-2.688,-0.9738,-1.1826
3767,Graduate,61314.0,1,2,5,5,12,3,0,0,58,430,1008,1,Partner,1,1.8677,-1.1162,-0.9212
3725,Postgraduate,84865.0,1,1,2,4,9,4,0,1,65,416,1688,0,Alone,3,2.9285,2.215,1.3104
4324,Graduate,42387.0,42,5,8,1,7,8,0,0,37,608,684,1,Partner,0,-0.5199,-0.9222,-0.1312
238,Undergraduate,67309.0,76,15,9,6,9,7,0,0,59,522,1082,2,Partner,0,0.6257,-1.6233,3.2951
6694,Graduate,75236.0,27,1,8,3,13,4,0,0,62,216,1068,1,Partner,1,2.2132,-1.2487,-0.9585
498,Graduate,30015.0,28,2,1,0,4,5,0,0,56,147,57,1,Alone,2,-1.7296,2.0097,-1.3386
9347,Postgraduate,50943.0,49,1,1,0,3,5,0,0,70,373,46,1,Partner,0,-1.2661,-1.1521,0.8146
9699,Graduate,67272.0,12,3,6,2,12,5,0,0,60,190,733,1,Alone,3,1.2126,1.6441,-0.5845
10664,Postgraduate,51529.0,14,2,9,1,5,8,0,0,77,295,467,1,Alone,2,-0.0891,1.5863,2.2169
5455,Postgraduate,32011.0,89,3,2,1,4,7,0,0,55,311,122,1,Partner,0,-1.7069,-1.1304,1.0874
456,Undergraduate,7500.0,96,2,2,0,3,8,0,0,40,507,36,1,Partner,0,-3.0618,-0.8484,-0.4282
5012,Graduate,28691.0,56,1,1,0,3,8,0,0,37,360,34,1,Partner,0,-2.4798,-0.7127,-1.7494
7495,Postgraduate,56223.0,72,2,2,1,5,4,0,0,78,191,156,1,Partner,0,-0.4708,-1.3297,1.0023
5029,Graduate,18100.0,14,1,0,0,3,5,0,0,80,327,14,0,Partner,0,-1.6785,-0.7981,-1.5521
10642,Graduate,30279.0,13,1,1,0,3,8,0,0,37,546,37,1,Alone,2,-2.3287,2.1862,-1.4114
2106,Undergraduate,20130.0,99,1,1,0,3,8,0,0,52,104,34,0,Partner,0,-2.4748,-0.9116,-1.1585
10364,Graduate,23295.0,72,1,1,0,2,8,0,0,67,351,20,0,Alone,2,-2.0113,2.064,-1.4747
5954,Postgraduate,42618.0,92,2,5,0,4,8,0,0,54,263,192,1,Alone,2,-1.3114,1.7137,1.3304
1137,Graduate,81246.0,87,1,4,5,7,1,0,0,62,182,1379,0,Alone,3,2.6384,1.7288,-1.863
2541,Graduate,24027.0,7,2,2,0,3,8,0,0,50,385,48,1,Partner,0,-2.3838,-0.7159,-1.0872
1142,Postgraduate,55707.0,91,2,3,2,9,3,0,0,73,189,428,1,Partner,1,0.5245,-1.3838,1.028
2276,Graduate,57959.0,71,5,4,7,11,3,0,0,71,423,868,1,Alone,3,1.8602,1.5856,-0.184
2807,Graduate,56796.0,24,3,8,9,7,7,0,0,57,498,1001,1,Partner,1,1.4796,-1.0398,-0.2514
6471,Postgraduate,36230.0,17,1,2,0,4,5,0,0,55,255,59,1,Alone,2,-1.3882,1.8072,0.8024
6131,Undergraduate,70829.0,87,2,4,2,8,3,0,0,46,210,431,2,Partner,0,-0.1418,-1.3476,-0.476
6233,Graduate,65991.0,21,3,9,5,10,7,0,0,50,660,971,1,Partner,1,1.4923,-1.0597,-0.144
4148,Graduate,38988.0,90,7,5,1,6,8,0,0,54,678,348,3,Partner,0,-1.9103,-1.1492,0.9132
4947,Undergraduate,89572.0,44,1,7,7,9,4,0,1,60,652,2059,0,Alone,3,3.8539,2.1854,0.3648
3225,Postgraduate,42207.0,71,4,4,1,5,6,0,1,42,454,265,1,Partner,0,-0.7022,-0.5618,1.6918
7540,Graduate,50300.0,52,2,2,1,8,2,0,0,74,35,270,1,Partner,0,-0.03,-1.1999,-1.5221
10648,Undergraduate,66664.0,78,1,5,7,6,3,0,0,44,642,1289,0,Partner,1,1.8166,-1.1344,-0.9792
1992,Graduate,60597.0,2,4,2,2,8,7,0,1,62,179,893,1,Partner,0,0.3296,-0.4828,-0.2345
7851,Graduate,70165.0,60,1,3,7,11,1,0,0,77,280,926,0,Alone,3,2.8478,1.6203,-1.5604
8594,Postgraduate,50520.0,25,2,3,1,3,6,0,0,68,152,135,1,Alone,2,-1.0034,1.6747,1.2469
7059,Graduate,80124.0,47,1,3,7,8,1,0,0,63,3,1495,0,Partner,1,2.8736,-1.1939,-2.2348
2815,Graduate,33183.0,46,2,4,0,3,7,0,0,51,125,120,1,Partner,0,-1.8509,-0.8666,-1.303
2416,Postgraduate,66582.0,83,1,2,8,9,1,0,0,57,118,1288,0,Alone,3,2.7526,1.5362,0.0836
7999,Postgraduate,75261.0,17,1,5,6,5,2,0,1,71,432,1743,0,Partner,1,3.1152,-0.7084,1.1436
9213,Graduate,31880.0,13,1,1,0,2,8,0,0,56,606,15,1,Alone,2,-2.258,2.145,-0.9997
9697,Graduate,53790.0,86,3,7,2,8,6,0,0,75,115,542,2,Partner,0,-0.0542,-1.3406,-0.2816
3916,Postgraduate,49269.0,92,3,7,3,12,7,0,0,55,683,890,1,Partner,1,0.9766,-1.2964,1.9766
2021,Graduate,61456.0,47,4,6,10,13,4,0,0,51,459,1388,1,Partner,1,2.8139,-1.2108,-0.5476
1581,Graduate,37406.0,18,1,1,0,2,8,0,1,46,262,17,1,Partner,0,-2.0123,-0.1503,-1.169
564,Postgraduate,56937.0,81,7,8,6,9,6,0,1,45,694,906,1,Partner,0,1.597,-0.7651,2.9149
6619,Graduate,38415.0,91,2,1,0,3,7,0,0,48,543,44,2,Partner,0,-2.426,-0.8966,-1.0559
9081,Graduate,20518.0,58,1,1,1,2,5,0,0,38,42,25,1,Alone,2,-2.1819,2.0364,-2.1808
178,Graduate,62503.0,40,4,8,3,11,5,0,0,70,496,973,1,Partner,1,1.5427,-1.1882,0.0952
916,Postgraduate,41644.0,67,2,1,0,3,3,0,0,54,51,31,2,Alone,2,-1.6844,1.6599,0.8261
5512,Postgraduate,55842.0,19,1,7,1,8,5,0,0,49,37,518,1,Partner,1,0.2638,-1.2388,0.816
8970,Postgraduate,62010.0,93,4,6,2,7,5,0,0,54,614,530,1,Partner,1,0.3601,-1.3153,1.6568
10581,Graduate,41124.0,41,7,7,3,4,8,0,0,49,606,506,1,Partner,0,-0.8215,-1.0098,0.2292
5300,Postgraduate,38961.0,60,1,2,1,2,7,0,0,53,181,70,1,Partner,0,-1.8064,-1.0462,0.5959
5154,Postgraduate,37760.0,54,1,2,0,3,6,0,0,54,322,54,1,Alone,2,-1.6058,1.8242,0.8543
8346,Graduate,32233.0,26,2,6,2,2,9,0,1,52,679,296,1,Alone,2,-1.1004,2.6409,0.0171
1676,Graduate,43057.0,30,4,4,2,5,5,0,0,51,242,266,1,Partner,0,-0.807,-0.9619,-0.9239
9286,Postgraduate,83151.0,93,1,5,9,4,3,0,0,66,627,747,0,Partner,1,2.333,-1.2782,0.6982
2426,Postgraduate,78825.0,35,1,5,10,13,3,0,1,62,653,895,0,Alone,3,3.9628,2.1177,1.5877
5172,Postgraduate,65104.0,4,2,3,5,7,7,0,0,50,227,1053,1,Partner,1,0.6395,-1.1697,1.072
5562,Graduate,60093.0,92,2,7,2,10,6,0,0,52,368,735,1,Partner,0,0.7157,-1.1319,-0.9171
3436,Graduate,14045.0,24,1,1,0,3,7,0,0,57,154,20,1,Partner,0,-2.5196,-0.7749,-1.5527
3921,Undergraduate,28457.0,96,1,4,1,4,8,0,0,74,609,205,0,Alone,2,-1.2674,1.8743,0.0949
3403,Postgraduate,78952.0,11,2,2,5,12,6,0,0,68,643,2092,1,Partner,1,2.5344,-1.2893,1.7368
22,Graduate,46310.0,99,2,6,1,5,8,0,0,50,573,309,1,Alone,2,-0.8449,1.9781,-0.5477
10965,Graduate,76005.0,72,1,3,5,13,6,0,0,71,492,1722,0,Partner,1,2.7242,-1.1854,-1.2297
9426,Postgraduate,58308.0,77,4,2,6,3,8,0,0,62,533,900,1,Alone,2,0.005,1.6501,1.8174
6605,Postgraduate,55614.0,85,1,9,4,6,7,0,0,82,214,682,0,Alone,3,1.2648,1.5369,1.577
3136,Postgraduate,59432.0,88,3,5,3,11,5,0,0,64,442,663,1,Alone,3,1.0968,1.4885,1.7808
8737,Graduate,55563.0,22,1,2,0,3,3,0,0,48,85,43,1,Alone,2,-1.025,1.9262,-1.9444
11088,Postgraduate,78642.0,83,1,4,9,4,6,0,0,55,434,1816,1,Partner,1,2.0359,-1.2897,0.8591
716,Postgraduate,67911.0,63,3,6,7,11,3,0,0,77,38,976,1,Partner,1,2.3783,-1.544,1.496
466,Graduate,65275.0,9,1,4,3,13,2,0,0,82,452,746,0,Partner,1,2.2382,-1.1173,-1.0746
9135,Graduate,27203.0,92,2,1,1,2,8,0,0,76,692,64,2,Partner,0,-2.4944,-0.9564,-0.3746
10623,Postgraduate,48330.0,2,1,1,0,3,5,0,0,65,226,32,1,Partner,0,-1.3989,-1.1142,0.6708
8151,Undergraduate,24279.0,6,1,4,1,3,8,0,0,36,547,263,0,Partner,0,-1.8476,-0.7591,-0.7447
5140,Postgraduate,64355.0,66,2,4,3,12,8,0,0,41,674,1445,1,Partner,1,1.1809,-1.188,1.4315
10160,Postgraduate,50943.0,49,1,1,0,3,5,0,0,70,373,46,1,Partner,0,-1.2673,-1.1584,0.8028
4945,Graduate,53653.0,29,2,10,4,12,6,0,0,73,599,1210,0,Alone,3,2.4264,1.7566,-0.065
10584,Graduate,65665.0,77,1,5,10,8,3,0,0,50,209,945,1,Partner,1,2.0664,-1.2016,-1.7854
6071,Graduate,81217.0,77,1,3,7,11,1,0,0,37,345,1157,0,Alone,3,2.928,1.7682,-2.2595
3386,Graduate,34935.0,71,1,2,1,4,7,0,0,34,373,137,0,Partner,0,-1.435,-0.6959,-2.1178
8939,Graduate,61250.0,49,6,5,2,12,5,0,0,67,560,730,1,Alone,2,1.0127,1.6036,0.2711
9925,Postgraduate,39665.0,97,3,4,2,3,7,0,0,45,400,216,1,Partner,0,-1.3339,-1.1408,1.0313
4320,Graduate,60152.0,6,1,6,4,12,3,0,0,47,458,943,1,Alone,3,1.7941,1.8106,-1.0564
5389,Graduate,48920.0,93,3,6,2,5,7,0,0,62,252,347,2,Partner,0,-0.9538,-1.1472,-0.4133
6036,Postgraduate,89120.0,78,1,5,6,7,1,0,0,67,104,1924,0,Partner,1,3.451,-1.4311,0.2667
182,Postgraduate,44124.0,62,4,6,2,5,8,0,0,80,414,397,1,Partner,0,-0.5449,-1.2445,2.3862
203,Postgraduate,81169.0,47,1,5,7,9,2,0,0,51,441,2089,0,Alone,3,3.6774,1.6274,0.6982
11025,Graduate,36443.0,9,4,3,1,3,8,0,0,65,511,138,2,Partner,0,-2.1352,-0.9752,-0.05
10203,Graduate,26095.0,77,1,1,0,3,7,0,0,36,364,42,1,Alone,2,-2.3137,2.0844,-1.7989
4607,Graduate,71367.0,24,1,4,5,7,2,0,0,67,310,777,0,Partner,1,1.8188,-1.0504,-1.6842
3711,Postgraduate,80184.0,19,1,6,3,10,3,0,0,82,120,1902,0,Partner,1,3.1366,-1.407,1.0312
3696,Graduate,30630.0,67,2,2,0,3,7,0,0,61,153,52,2,Alone,2,-2.3439,1.8931,-0.8043
2532,Postgraduate,73454.0,95,1,2,4,6,5,0,0,39,120,1651,0,Alone,2,1.5674,1.7138,0.0371
9214,Graduate,42691.0,48,1,5,1,6,5,0,0,35,317,358,0,Partner,0,-0.3275,-0.8446,-2.0842
4943,Graduate,70503.0,73,1,2,4,9,6,0,0,73,637,1727,0,Partner,1,1.9703,-1.0262,-1.1341
35,Graduate,25545.0,35,3,2,2,3,6,0,1,39,659,210,1,Partner,0,-1.3962,-0.1496,-0.6911
2258,Graduate,32880.0,76,1,1,0,3,8,0,0,40,572,42,1,Partner,0,-2.3224,-0.6933,-1.5111
4322,Postgraduate,77863.0,20,1,4,5,10,2,0,0,68,214,1291,0,Partner,1,2.7514,-1.3305,0.5728
713,Postgraduate,50353.0,72,1,4,4,6,3,0,0,49,21,442,0,Partner,0,0.6393,-1.164,-0.0179
4702,Graduate,61839.0,20,1,4,8,4,8,0,0,62,686,1895,0,Alone,3,1.8418,2.0363,-0.7864
3281,Postgraduate,49154.0,69,6,4,1,8,6,0,0,66,238,411,2,Partner,0,-0.7459,-1.4293,2.3352
702,Undergraduate,47682.0,80,4,4,3,8,5,0,0,51,499,521,1,Alone,2,-0.1756,1.6868,0.3421
2004,Graduate,72679.0,65,1,4,7,5,1,0,0,57,284,1168,1,Alone,3,1.9602,1.7596,-1.5625
4769,Postgraduate,57954.0,52,7,8,2,6,7,0,0,49,11,493,2,Partner,0,-0.5563,-1.4354,2.3791
4437,Graduate,65316.0,65,2,3,2,5,4,0,0,64,431,260,2,Partner,0,-0.4919,-1.1045,-0.8293
8724,Graduate,28567.0,57,2,2,0,3,6,0,0,44,377,46,1,Alone,2,-1.9903,2.0329,-1.4013
10741,Postgraduate,47352.0,70,4,6,1,5,7,0,0,75,444,319,1,Partner,0,-0.5946,-1.322,2.061
1991,Graduate,44931.0,0,1,2,1,3,5,0,0,59,162,96,1,Partner,0,-1.3091,-0.8505,-1.5289
6931,Graduate,76982.0,19,1,8,3,4,4,0,1,59,134,1062,0,Alone,3,1.9914,2.3878,-1.0098
11096,Undergraduate,57247.0,50,2,2,1,7,2,0,0,74,325,232,1,Partner,0,-0.2646,-1.3152,-0.4399
304,Postgraduate,22944.0,67,3,3,0,3,7,0,0,45,188,76,1,Alone,2,-2.085,1.8446,1.143
3665,Undergraduate,25315.0,46,3,3,0,3,8,0,0,49,234,54,1,Partner,0,-2.6035,-0.9757,-0.1694
10591,Graduate,43638.0,37,2,4,1,4,7,0,0,57,692,201,1,Alone,2,-1.0933,1.9864,-0.6061
5036,Postgraduate,42710.0,38,2,4,5,3,6,0,0,42,578,406,1,Alone,2,-0.4338,1.8521,1.2171
5547,Postgraduate,84169.0,9,1,7,6,6,3,0,1,44,326,1919,0,Partner,1,3.3648,-0.6328,0.8639
7822,Graduate,54058.0,56,2,4,6,8,3,0,0,50,390,662,1,Partner,0,0.9644,-1.0885,-1.4426
8541,Undergraduate,24683.0,98,2,2,0,4,5,0,0,36,113,41,1,Partner,0,-2.3047,-1.0646,-1.2022
10955,Graduate,85620.0,68,1,3,6,4,1,0,1,62,173,1600,0,Alone,3,2.9288,2.2675,-1.7197
4368,Graduate,47850.0,72,1,3,0,4,6,0,0,46,208,134,1,Partner,0,-1.3866,-0.8959,-1.7277
9671,Graduate,19514.0,47,4,3,1,2,8,0,1,58,154,69,2,Partner,0,-2.406,-0.4435,-0.1864
2256,Postgraduate,27159.0,33,2,1,0,3,6,0,0,53,92,21,2,Partner,0,-2.4871,-1.0946,0.9794
4279,Undergraduate,39548.0,87,2,1,1,3,3,0,0,63,90,54,2,Alone,2,-1.8513,1.626,-0.3996
5371,Graduate,21474.0,0,2,3,1,2,7,0,1,37,82,91,1,Alone,2,-1.8605,2.6709,-1.0934
9240,Postgraduate,60504.0,73,2,6,2,8,6,0,0,55,142,526,1,Alone,2,0.3908,1.523,1.2216
9460,Graduate,22419.0,74,1,3,2,2,8,0,0,63,437,162,0,Partner,0,-1.555,-0.7962,-1.4877
9504,Postgraduate,81698.0,4,1,3,8,13,1,0,1,77,235,1008,0,Partner,1,3.846,-0.9125,0.9792
8692,Graduate,43462.0,50,6,4,1,5,8,0,0,74,655,240,2,Partner,0,-1.5534,-1.1166,0.6799
448,Postgraduate,54880.0,57,2,6,2,11,5,0,0,48,485,795,1,Alone,3,0.9759,1.6407,1.5155
8314,Graduate,79908.0,30,1,5,6,7,2,0,0,44,450,1772,0,Partner,1,2.8033,-1.0103,-1.9623
8420,Undergraduate,15315.0,27,2,2,0,4,5,0,0,56,330,64,0,Partner,0,-1.9003,-0.9453,-0.8211
3174,Graduate,87771.0,61,1,5,10,4,6,0,1,67,403,1957,1,Partner,1,2.9468,-0.5522,-0.5532
7685,Graduate,33039.0,4,1,2,0,4,5,0,0,48,293,78,1,Partner,0,-1.6641,-0.8175,-1.6984
3179,Graduate,81741.0,75,0,6,6,7,2,0,0,46,378,1572,0,Alone,3,2.9276,1.8361,-1.9413
9780,Postgraduate,71499.0,12,2,8,3,13,4,0,0,55,369,795,1,Partner,1,1.9439,-1.4056,1.438
10681,Undergraduate,62466.0,13,5,6,3,12,4,0,0,56,165,889,1,Partner,1,1.0303,-1.4271,0.3086
10232,Postgraduate,48799.0,9,3,3,2,7,3,0,0,63,236,331,1,Alone,2,0.0522,1.5731,1.2289
4184,Postgraduate,52157.0,48,2,3,2,5,4,0,0,76,22,265,1,Partner,0,-0.2746,-1.3127,0.9936
9120,Graduate,66565.0,80,4,4,2,9,8,0,0,64,571,1065,1,Alone,2,0.5659,1.7232,-0.0678
891,Postgraduate,29298.0,60,1,1,0,2,5,0,0,75,295,11,2,Partner,0,-2.1765,-1.1432,1.2423
10381,Graduate,47691.0,43,1,1,0,2,6,0,0,47,359,21,1,Alone,2,-1.7828,2.035,-1.6301
3525,Graduate,38200.0,19,1,1,0,2,7,0,0,56,569,17,2,Partner,0,-2.456,-0.7834,-0.8944
6818,Graduate,44989.0,26,5,5,1,5,6,0,0,52,655,369,1,Partner,0,-0.8285,-0.9417,-0.2643
3526,Postgraduate,38443.0,58,2,1,0,3,7,0,0,58,153,38,2,Partner,0,-2.3318,-1.1461,1.1485
8181,Undergraduate,38593.0,42,3,4,1,3,8,0,0,48,289,177,1,Alone,2,-1.9179,1.8301,0.0559
1029,Postgraduate,64413.0,27,1,5,1,5,5,0,0,56,332,279,1,Partner,0,-0.1663,-1.1264,1.0346
7369,Postgraduate,36959.0,56,2,2,0,3,8,0,0,45,270,62,1,Partner,0,-2.1011,-1.024,0.7913
2574,Postgraduate,61996.0,27,3,6,4,8,5,0,1,49,514,1230,1,Partner,1,1.6203,-0.6594,1.9359
8159,Graduate,51287.0,10,3,4,1,3,7,0,0,58,89,182,2,Partner,0,-1.6626,-1.0357,-0.6919
1160,Graduate,13260.0,48,4,3,0,3,8,0,0,56,310,49,2,Partner,0,-2.9047,-0.8916,-0.3344
10242,Postgraduate,47472.0,39,2,2,0,4,5,0,0,60,286,75,2,Partner,0,-1.6074,-1.2359,1.164
5253,Postgraduate,54603.0,85,6,4,2,4,7,0,0,70,355,227,2,Partner,0,-1.1783,-1.3855,2.4572
5966,Postgraduate,45207.0,64,5,3,1,6,6,0,0,52,596,215,2,Partner,0,-1.3226,-1.2417,2.0432
5314,Graduate,40689.0,69,7,7,1,5,8,0,0,75,468,444,1,Partner,0,-0.843,-1.1356,0.6433
5081,Undergraduate,47821.0,54,1,1,0,3,8,0,0,59,252,47,2,Partner,0,-2.5713,-1.0739,-0.1917
5123,Postgraduate,27450.0,57,1,2,1,3,7,0,0,75,440,143,0,Partner,0,-1.2687,-1.0126,0.9322
5756,Graduate,39453.0,64,2,2,0,3,6,0,0,43,87,55,1,Partner,0,-1.9114,-0.8872,-1.8082
8036,Undergraduate,26850.0,10,4,2,1,4,4,0,0,55,72,63,2,Partner,0,-2.2596,-1.192,-0.0885
9058,Graduate,79800.0,65,1,5,11,5,3,0,1,71,644,1867,0,Alone,3,3.9121,2.3071,-0.7716
5057,Postgraduate,61794.0,74,2,4,4,10,2,0,0,65,288,611,1,Partner,1,1.3586,-1.4126,0.9486
254,Graduate,53863.0,4,3,7,1,7,7,0,0,71,43,473,1,Partner,0,-0.1537,-1.0728,-0.37
4179,Graduate,24221.0,94,1,1,1,3,4,0,0,67,313,55,0,Partner,0,-1.2586,-0.8691,-1.9706
3710,Postgraduate,39684.0,41,2,2,1,2,7,1,1,42,625,81,1,Alone,2,-1.578,2.5484,1.185
7627,Postgraduate,92163.0,25,0,5,11,5,2,0,1,51,564,2086,0,Partner,1,4.3059,-0.649,0.686
4501,Postgraduate,69882.0,94,1,3,7,9,1,0,0,61,231,1478,0,Alone,3,2.9698,1.4999,0.2882
6424,Graduate,33178.0,9,1,1,0,3,4,0,0,49,150,49,1,Partner,0,-1.7759,-0.8313,-1.9783
3075,Postgraduate,59973.0,47,1,3,4,7,1,0,0,54,291,382,0,Partner,1,1.1622,-1.1793,0.0899
4992,Postgraduate,17459.0,12,3,3,1,2,7,0,1,51,283,69,1,Partner,0,-1.8526,-0.4324,1.5691
5252,Graduate,23910.0,80,1,2,0,3,7,0,0,57,611,67,1,Alone,2,-2.0156,2.0726,-1.0489
7444,Postgraduate,42169.0,20,2,1,0,3,8,0,0,57,253,30,2,Partner,0,-2.3948,-1.1047,1.3247
6919,Undergraduate,26224.0,39,3,2,1,3,6,0,0,48,390,63,1,Partner,0,-2.2512,-0.9869,-0.3438
3537,Graduate,31089.0,57,3,3,0,4,8,0,0,45,681,79,1,Partner,0,-2.0289,-0.765,-0.7628
10277,Graduate,30081.0,27,1,1,0,3,7,0,0,65,493,42,1,Alone,2,-1.9709,2.0348,-1.0396
2453,Graduate,62807.0,83,3,5,3,12,5,0,0,66,667,819,1,Partner,1,1.2816,-1.1632,-0.3552
7972,Graduate,72906.0,79,1,3,4,9,1,0,0,71,285,1151,0,Alone,3,2.3731,1.6682,-1.7337
895,Postgraduate,61467.0,69,3,5,2,10,5,0,0,78,567,594,2,Partner,1,0.5077,-1.4198,2.3582
1177,Postgraduate,49618.0,77,4,3,1,3,7,0,0,60,519,129,2,Partner,0,-1.6843,-1.1834,2.019
7141,Postgraduate,21888.0,15,4,5,1,2,10,0,1,40,547,213,1,Alone,2,-1.8544,2.4977,2.3302
7232,Graduate,42429.0,99,2,1,1,3,5,0,0,53,138,67,1,Alone,2,-1.4831,1.8817,-1.6624
8477,Graduate,26150.0,61,1,1,0,3,7,0,0,70,475,28,3,Alone,2,-2.7649,1.8619,-0.3539
2457,Undergraduate,30801.0,23,2,1,0,3,7,0,0,51,611,45,1,Partner,0,-2.4409,-0.8602,-0.1705
988,Graduate,81168.0,84,1,6,4,7,3,0,0,61,53,1193,0,Partner,1,2.1597,-1.1343,-1.8279
7930,Postgraduate,26877.0,74,2,3,1,6,6,0,0,57,314,268,0,Alone,2,-0.7249,1.7616,0.8143
4587,Postgraduate,45006.0,90,1,3,1,7,3,0,0,82,346,266,0,Alone,2,0.4134,1.6008,0.9049
6682,Undergraduate,18978.0,41,1,1,0,3,8,0,0,53,565,37,1,Partner,0,-2.7854,-0.8678,-0.3691
6222,Graduate,22574.0,28,2,2,0,3,7,0,0,59,244,37,3,Partner,0,-2.9873,-0.9761,-0.5715
10299,Postgraduate,48240.0,73,3,6,3,13,5,0,1,57,597,882,0,Alone,3,2.0511,2.0978,1.8823
3083,Graduate,45837.0,88,5,6,2,5,7,0,0,52,338,373,2,Partner,0,-1.1287,-1.1083,-0.1178
8953,Postgraduate,35791.0,94,2,1,0,3,8,0,0,61,419,35,3,Alone,2,-2.7395,1.6295,1.866
1503,Postgraduate,162397.0,31,0,0,0,1,1,0,0,50,391,107,2,Partner,1,0.7573,-1.2566,0.312
8650,Graduate,54162.0,31,1,1,0,3,4,0,0,48,468,42,2,Alone,2,-1.5923,1.9504,-1.2983
10862,Postgraduate,30522.0,6,5,1,2,9,2,0,0,66,681,326,1,Partner,0,-0.2099,-1.2623,1.6461
2782,Postgraduate,54456.0,23,3,6,1,7,6,0,0,65,353,404,1,Partner,0,-0.0742,-1.228,1.7756
6941,Graduate,31632.0,92,1,2,1,2,7,0,0,55,350,95,0,Alone,2,-1.5067,2.0699,-1.7022
10972,Graduate,72298.0,52,1,4,3,6,1,0,0,77,111,939,0,Alone,3,1.8295,1.6671,-1.7397
10708,Undergraduate,36975.0,50,1,1,0,3,7,0,0,48,183,33,1,Alone,2,-2.3121,1.8565,-0.7764
6583,Undergraduate,72635.0,54,1,6,8,6,3,0,0,71,391,981,0,Partner,1,2.1297,-1.259,-0.5072
3641,Graduate,13624.0,93,2,2,0,3,6,0,0,50,525,36,1,Partner,0,-2.3083,-0.7995,-1.3388
10156,Graduate,84196.0,56,1,8,4,7,3,0,0,51,391,1237,1,Alone,3,2.1338,1.6996,-1.1494
4299,Graduate,70971.0,28,7,11,11,5,7,0,1,66,646,1825,1,Partner,1,3.0461,-0.6542,1.3477
3469,Postgraduate,34487.0,94,3,3,0,3,9,0,0,49,661,103,2,Alone,2,-2.363,1.8053,2.0276
5063,Graduate,28769.0,76,3,4,1,4,9,0,0,49,558,191,1,Alone,2,-1.7879,2.0298,-0.515
10727,Postgraduate,69084.0,43,2,7,3,13,8,0,0,56,222,1586,1,Partner,1,1.8268,-1.4125,1.5498
9624,Postgraduate,65488.0,46,1,3,4,6,1,0,0,68,16,963,0,Partner,1,1.6499,-1.3383,0.024
5156,Undergraduate,62466.0,13,5,6,3,12,4,0,0,56,165,889,1,Partner,1,1.0389,-1.3849,0.3888
4376,Undergraduate,32218.0,27,1,2,1,3,7,0,1,66,134,93,0,Alone,2,-1.2458,2.4554,-0.207
8923,Graduate,83917.0,12,1,6,7,7,3,0,1,53,437,1587,0,Alone,3,3.3691,2.3732,-1.0597
8461,Graduate,46102.0,3,1,1,0,2,7,0,0,64,111,16,3,Alone,2,-2.6002,1.8596,-0.6725
6945,Graduate,84574.0,72,1,9,11,11,5,0,0,74,390,1375,0,Alone,3,4.0785,1.5882,-0.7122
944,Graduate,56181.0,6,1,4,2,7,4,0,0,64,537,393,1,Partner,0,0.1823,-0.9346,-0.9621
1907,Postgraduate,63120.0,53,5,8,4,9,7,0,1,76,639,1477,1,Alone,3,2.1388,2.0354,3.4053
701,Graduate,73691.0,58,2,6,2,8,2,0,0,55,235,1179,1,Partner,1,1.5454,-1.1428,-1.2867
3856,Graduate,63381.0,78,4,4,5,13,2,0,0,66,632,1005,1,Partner,1,2.0931,-1.2653,-0.5347
4149,Postgraduate,76140.0,57,1,5,9,6,2,0,0,78,47,1348,0,Partner,1,3.0105,-1.4032,0.5398
2131,Postgraduate,62859.0,37,4,9,4,6,6,0,0,67,546,1307,1,Alone,3,1.4813,1.5717,2.5464
2942,Graduate,45906.0,20,2,5,4,4,5,0,0,62,418,486,1,Alone,2,-0.0405,1.9249,-0.6986
1173,Postgraduate,77632.0,73,1,4,2,6,2,0,1,79,476,2252,0,Partner,1,3.0856,-0.7349,1.2818
4381,Postgraduate,46463.0,56,7,3,1,6,6,0,0,55,315,235,2,Partner,0,-1.3734,-1.3354,2.2676
4611,Graduate,105471.0,36,0,9,8,13,3,0,1,56,524,1724,0,Partner,1,5.0206,-0.6392,-0.9202
3376,Postgraduate,55282.0,9,1,3,1,6,4,0,0,56,198,235,1,Alone,2,-0.2648,1.7208,0.8679
4679,Postgraduate,78710.0,42,3,7,6,12,4,0,0,49,37,1092,1,Partner,1,2.3834,-1.4663,1.1447
10928,Graduate,66886.0,28,2,7,1,7,5,0,0,68,286,599,1,Partner,0,0.511,-1.1549,-0.7762
4248,Postgraduate,98777.0,23,0,4,6,9,1,0,0,66,132,2008,0,Alone,3,3.9667,1.4951,0.3642
6728,Graduate,29103.0,38,2,1,0,3,9,0,0,41,671,48,1,Partner,0,-2.5452,-0.6739,-1.1243
6661,Graduate,67445.0,63,5,9,6,12,6,0,0,52,686,1174,1,Partner,1,2.1313,-1.2179,0.144
4725,Postgraduate,50616.0,71,1,1,1,4,2,0,0,76,77,67,1,Partner,0,-0.591,-1.288,0.4495
3277,Graduate,49431.0,9,2,7,1,5,8,0,0,71,695,365,1,Alone,2,-0.4516,1.9682,0.1682
5555,Graduate,153924.0,81,0,0,0,0,0,0,0,51,142,6,0,Alone,3,1.2464,1.8206,-2.8695
2564,Graduate,61278.0,87,2,3,1,4,6,0,0,73,176,165,1,Partner,0,-0.7662,-1.0692,-1.0637
946,Undergraduate,26490.0,92,2,3,1,5,6,0,0,68,645,210,0,Partner,0,-1.1808,-0.9883,-0.1609
3867,Postgraduate,73059.0,36,1,9,3,13,4,0,0,79,302,1095,1,Partner,1,2.5281,-1.4909,1.7723
6940,Postgraduate,46734.0,86,4,3,2,3,6,0,0,60,251,223,3,Alone,2,-1.7333,1.4934,2.0977
55,Graduate,56253.0,83,4,7,2,9,6,0,0,63,569,597,1,Partner,0,0.4867,-1.1079,-0.0957
7093,Graduate,19986.0,74,1,0,0,3,7,0,0,41,227,22,1,Partner,0,-2.6212,-0.777,-2.0226
5084,Graduate,58330.0,87,1,6,4,13,4,0,0,51,186,1064,1,Alone,3,1.8108,1.6513,-1.2795
1777,Undergraduate,25965.0,29,1,2,0,3,8,0,0,46,660,74,0,Partner,0,-2.179,-0.7281,-0.57
8162,Postgraduate,14661.0,88,1,1,0,3,6,0,0,70,544,26,0,Partner,0,-1.7448,-1.0018,0.6496
10826,Graduate,18690.0,77,1,1,1,2,8,0,0,67,548,60,0,Partner,0,-1.9927,-0.7701,-1.499
8754,Postgraduate,45068.0,25,1,1,0,2,7,0,0,52,409,20,1,Partner,0,-1.9319,-0.983,0.7185
1987,Undergraduate,21063.0,34,2,2,0,3,6,0,0,39,277,59,1,Alone,2,-2.4584,1.9751,-0.5384
11007,Postgraduate,29187.0,43,1,1,0,3,8,0,0,58,416,34,1,Partner,0,-2.2155,-1.0151,0.871
7426,Undergraduate,54690.0,76,3,3,1,5,3,0,0,55,234,198,2,Partner,0,-1.183,-1.3003,-0.2401
9153,Postgraduate,59304.0,81,3,7,8,10,5,0,0,62,335,1048,1,Partner,1,2.0262,-1.4642,1.5391
10379,Postgraduate,59247.0,87,5,5,2,9,6,0,0,64,233,574,2,Alone,2,0.0316,1.3379,2.2433
9204,Graduate,66731.0,33,4,4,3,6,3,0,0,56,655,1029,1,Alone,2,0.964,1.7913,-0.5535
3197,Graduate,77353.0,38,2,6,4,8,4,0,0,46,195,670,1,Partner,0,1.1617,-1.0927,-1.3262
2920,Postgraduate,52614.0,63,2,2,4,8,8,0,0,51,575,990,1,Alone,2,0.2475,1.7493,1.5002
6961,Graduate,26751.0,26,1,1,0,2,8,0,0,52,38,11,2,Partner,0,-2.9602,-0.8638,-1.4025
4673,Postgraduate,81300.0,17,3,10,3,5,5,0,1,63,607,1241,1,Partner,1,2.056,-0.7263,2.5303
9937,Graduate,70337.0,75,1,2,2,12,1,0,0,47,178,576,0,Alone,3,1.6373,1.7188,-2.3298
8779,Undergraduate,36145.0,13,4,4,1,3,9,0,1,41,378,172,1,Partner,0,-1.9195,-0.4163,0.532
9596,Postgraduate,65295.0,19,1,3,3,13,2,0,0,46,188,664,0,Alone,2,1.8931,1.5826,0.198
2891,Graduate,68118.0,51,2,8,9,4,6,0,0,63,254,928,1,Alone,3,1.5773,1.7646,-0.5564
4910,Graduate,68743.0,81,1,11,5,13,7,0,0,59,668,2074,0,Alone,3,3.5264,1.7372,-0.3513
75,Undergraduate,41039.0,32,1,8,1,5,8,0,0,44,339,467,0,Partner,0,-0.6912,-0.9076,-0.3506
10120,Graduate,38946.0,84,2,3,1,6,5,0,0,71,248,257,1,Partner,0,-0.7984,-1.1109,-1.1987
6327,Graduate,65777.0,87,1,2,8,6,1,0,0,59,192,1146,0,Partner,1,2.136,-1.108,-2.3499
10142,Postgraduate,66476.0,99,2,5,2,11,4,0,0,50,479,689,1,Alone,3,1.1686,1.488,1.1572
9826,Postgraduate,86857.0,96,1,5,6,10,2,0,1,54,655,2114,0,Alone,3,4.1911,2.0576,1.105
1501,Postgraduate,160803.0,21,15,0,28,1,0,0,0,44,694,1717,0,Partner,1,6.2194,-1.574,2.467
10767,Postgraduate,77845.0,40,1,3,5,12,1,0,0,37,44,1346,0,Partner,1,2.7631,-1.3453,-0.4181
7279,Postgraduate,69476.0,3,1,4,6,4,2,0,0,57,272,1044,0,Partner,1,1.7619,-1.163,0.2829
7230,Postgraduate,50611.0,98,6,4,5,7,6,0,1,66,633,493,1,Alone,3,0.6759,2.0562,2.7609
143,Graduate,61209.0,73,1,5,3,4,2,0,0,56,308,957,0,Alone,3,1.2302,1.91,-1.7284
450,Postgraduate,42315.0,90,3,1,4,4,3,0,0,68,352,270,1,Partner,0,-0.4016,-1.2269,1.0077
9316,Undergraduate,13084.0,29,1,1,0,3,6,0,0,74,239,29,0,Partner,0,-2.1553,-0.9743,-0.769
6379,Postgraduate,47570.0,3,3,2,2,2,7,0,1,77,396,121,2,Alone,2,-1.2111,2.2264,2.5837
9239,Postgraduate,61923.0,94,1,2,1,4,3,0,0,65,338,126,2,Partner,0,-0.7796,-1.3375,0.8482
8315,Graduate,34824.0,65,1,1,0,2,6,0,0,31,95,23,0,Alone,2,-1.8446,2.1347,-2.5016
2868,Postgraduate,26518.0,33,3,2,0,3,8,0,1,77,447,57,2,Alone,2,-1.9702,2.2808,2.721
10888,Graduate,45938.0,46,2,8,4,6,6,0,0,65,238,636,0,Alone,2,0.8149,1.8045,-0.9285
1277,Graduate,78468.0,29,1,10,7,10,4,0,0,66,81,1004,0,Partner,1,3.032,-1.182,-1.1614
9977,Graduate,78901.0,99,3,9,3,5,4,0,0,53,285,734,1,Alone,3,1.1729,1.642,-0.8036
10196,Graduate,71427.0,26,2,8,2,8,4,0,0,48,109,614,2,Partner,0,0.5348,-1.2229,-0.9574
6384,Graduate,71022.0,30,3,5,2,11,8,0,0,48,138,1453,1,Alone,3,1.1037,1.7461,-0.6557
8029,Postgraduate,90247.0,27,1,3,4,7,1,0,1,38,61,1621,0,Alone,3,2.9696,2.1677,0.1572
968,Postgraduate,41335.0,24,3,4,1,4,7,0,0,58,185,187,1,Alone,2,-1.1714,1.7618,1.5655
6988,Graduate,71952.0,93,2,8,4,8,4,0,0,40,535,1443,1,Partner,1,1.8329,-1.113,-1.144
4472,Postgraduate,35682.0,34,1,1,1,3,2,0,0,56,2,57,1,Alone,2,-1.1009,1.7307,0.2364
6991,Graduate,43185.0,88,2,9,3,6,8,0,0,75,445,637,1,Alone,2,0.2002,1.751,-0.0111
3336,Postgraduate,66375.0,96,3,2,4,5,7,0,0,78,220,948,1,Partner,1,0.3173,-1.3427,1.503
4301,Postgraduate,35178.0,10,1,1,1,2,7,0,1,55,535,59,1,Partner,0,-1.5515,-0.3593,1.3571
1940,Graduate,25252.0,26,1,1,0,2,8,0,0,40,352,18,1,Partner,0,-2.6482,-0.6474,-1.6141
1272,Postgraduate,55250.0,49,4,7,5,10,5,0,0,61,616,903,1,Alone,3,1.5283,1.5548,2.2984
1388,Graduate,33249.0,11,2,2,1,3,6,0,0,51,494,112,1,Alone,2,-1.6164,2.1156,-0.9685
1044,Graduate,58398.0,44,3,5,4,8,4,0,0,73,411,596,0,Partner,0,1.2282,-1.0617,-0.8399
6969,Graduate,50272.0,75,3,4,1,5,7,0,0,44,326,233,1,Partner,0,-1.1139,-0.9595,-1.1562
10479,Postgraduate,76618.0,64,1,3,2,5,1,0,0,51,569,1511,0,Partner,1,1.8467,-1.19,0.1292
3619,Undergraduate,87305.0,19,1,5,3,8,2,0,1,66,644,1152,0,Alone,3,2.5795,2.2435,0.1777
1715,Graduate,25851.0,45,2,2,0,3,7,0,0,48,503,48,1,Partner,0,-2.2055,-0.7379,-1.1774
10159,Graduate,58710.0,77,6,11,5,9,6,0,0,56,455,1185,1,Alone,2,1.7198,1.5742,0.3978
1463,Graduate,45160.0,9,1,1,0,2,7,0,0,68,92,21,2,Alone,2,-2.2024,1.9557,-0.8498
5114,Postgraduate,74806.0,1,2,5,4,5,4,0,0,61,557,965,1,Partner,1,1.1531,-1.1926,1.4233
4990,Graduate,59111.0,90,1,11,1,8,7,0,0,72,423,869,0,Partner,0,1.2667,-1.0939,-0.6248
4329,Postgraduate,18988.0,43,2,1,0,3,7,0,0,42,37,16,1,Partner,0,-2.5228,-0.9887,0.4344
10936,Graduate,72190.0,79,1,5,6,4,3,0,0,61,501,1947,0,Partner,1,2.4432,-1.0636,-1.7016
4692,Graduate,7500.0,19,5,4,1,2,9,0,1,50,697,71,1,Partner,0,-2.3079,-0.1702,0.2752
7212,Graduate,44794.0,99,1,2,0,3,6,0,0,60,21,65,1,Partner,0,-1.6353,-1.0043,-1.8179
6086,Graduate,80395.0,62,1,6,5,12,2,0,0,71,218,1380,0,Partner,1,3.2385,-1.2676,-1.5201
437,Postgraduate,75012.0,41,1,3,8,11,1,0,0,50,155,1027,0,Alone,3,3.0077,1.5743,0.2079
11171,Postgraduate,56962.0,60,7,6,3,5,7,0,0,61,261,411,3,Partner,0,-1.0484,-1.5265,2.8576
11101,Graduate,89891.0,17,1,11,6,8,4,0,0,35,440,836,0,Partner,1,2.6581,-1.0397,-1.517
5329,Postgraduate,35946.0,24,1,0,0,3,5,0,0,77,275,11,2,Alone,2,-1.927,1.6946,1.3883
610,Postgraduate,53593.0,60,8,7,2,6,8,0,0,73,691,480,2,Partner,0,-0.5966,-1.3719,3.6496
9384,Graduate,66373.0,57,7,4,2,10,3,0,0,48,382,606,2,Partner,0,0.2778,-1.3121,-0.2184
5956,Postgraduate,45072.0,74,5,6,1,4,8,0,0,78,256,284,3,Alone,2,-1.6055,1.4068,3.0943
10430,Graduate,89694.0,22,3,4,3,4,5,0,0,53,263,1472,2,Alone,2,0.8234,1.7039,-0.6409
7875,Graduate,72025.0,46,1,4,8,13,2,0,1,77,61,1677,0,Partner,1,4.0054,-0.7697,-1.2883
7072,Graduate,67432.0,69,2,8,5,4,4,0,0,53,457,1335,1,Partner,1,1.4341,-1.0833,-0.999
6255,Postgraduate,70545.0,29,1,4,1,7,2,0,0,74,26,334,1,Partner,1,0.6234,-1.3809,0.7319
6516,Undergraduate,17487.0,37,1,1,0,2,7,0,0,37,468,18,1,Partner,0,-2.9583,-0.8098,-0.8513
5564,Graduate,62882.0,26,2,7,5,6,4,0,0,57,689,1338,1,Partner,1,1.5526,-1.0143,-0.6571
5682,Postgraduate,64108.0,8,4,6,9,11,5,0,0,73,463,1099,1,Alone,3,2.4951,1.4379,2.3534
7458,Postgraduate,34941.0,26,2,3,0,3,8,0,0,70,480,97,2,Partner,0,-2.1462,-1.1304,1.9052
5237,Postgraduate,48767.0,79,3,2,1,3,5,0,0,76,179,63,3,Alone,2,-1.7585,1.4577,2.027
7761,Undergraduate,38702.0,71,2,3,0,4,6,0,0,48,332,109,1,Partner,0,-1.8686,-1.0608,-0.5512
5278,Graduate,82224.0,83,1,6,9,5,3,0,0,62,155,902,0,Partner,1,2.4526,-1.1434,-1.8387
3560,Graduate,83844.0,57,1,4,4,11,1,0,0,74,413,1574,0,Partner,1,3.2007,-1.1987,-1.5032
7235,Undergraduate,17003.0,37,3,2,0,4,5,0,0,51,202,38,1,Partner,0,-2.3546,-1.0436,-0.5186
10548,Graduate,71163.0,30,1,3,8,12,1,0,0,31,112,960,0,Alone,3,2.7342,1.7632,-2.5325
2281,Graduate,33697.0,34,1,1,0,2,7,0,0,56,287,28,1,Alone,2,-2.1218,2.0973,-1.3015
4073,Undergraduate,63564.0,0,1,10,10,7,6,0,1,72,151,1215,0,Partner,1,2.8293,-0.6937,0.4275
6974,Postgraduate,83443.0,89,1,6,10,5,2,0,0,54,180,1497,0,Partner,1,3.2139,-1.3502,0.1562
7938,Postgraduate,51518.0,92,2,3,2,10,3,0,0,68,269,449,1,Partner,1,0.5329,-1.4109,0.9192
7094,Graduate,58330.0,87,1,6,4,13,4,0,0,51,186,1064,1,Alone,3,1.8077,1.6359,-1.3087
3667,Graduate,80952.0,20,1,8,5,11,8,0,1,57,486,1757,0,Partner,1,3.0925,-0.4665,-0.3764
7723,Graduate,75507.0,56,1,8,6,6,3,0,0,47,58,1440,0,Partner,1,2.4665,-1.1061,-1.9932
3870,Undergraduate,63855.0,28,1,7,3,13,4,0,0,48,505,1006,0,Partner,1,1.8736,-1.1659,-0.4451
4012,Postgraduate,62220.0,55,5,7,6,5,6,0,1,54,687,1226,1,Partner,1,1.521,-0.6905,2.5718
5909,Graduate,58512.0,25,5,3,4,8,8,0,0,62,283,1171,1,Partner,0,0.3593,-1.0978,-0.2823
10470,Postgraduate,40662.0,0,2,2,1,3,4,0,0,47,471,92,1,Partner,0,-1.274,-1.0323,0.7159
6488,Postgraduate,38829.0,86,1,3,2,2,5,0,0,67,84,99,1,Partner,0,-1.1812,-1.205,0.606
10270,Undergraduate,35523.0,8,2,3,0,3,7,0,0,45,269,66,1,Partner,0,-2.2556,-0.9741,-0.5022
6887,Graduate,79146.0,33,2,8,1,8,6,0,0,59,66,564,2,Alone,2,0.4231,1.6285,-0.3999
6406,Postgraduate,78285.0,13,1,6,4,10,3,0,0,38,244,1427,0,Partner,1,2.5371,-1.2135,0.2648
7573,Postgraduate,31626.0,12,1,2,1,2,7,0,1,48,415,86,1,Alone,2,-1.4964,2.4799,1.3206
4508,Graduate,75127.0,92,1,2,11,5,1,0,0,74,38,833,0,Alone,3,2.5873,1.6614,-2.0402
221,Graduate,48726.0,90,3,3,2,4,6,0,0,71,428,242,1,Partner,0,-0.8245,-1.0055,-0.679
5331,Graduate,74985.0,8,1,3,6,7,2,0,0,49,656,1869,0,Partner,1,2.6622,-0.9168,-1.7574
1911,Graduate,67430.0,6,1,11,5,12,6,0,0,39,662,1364,0,Partner,1,2.7349,-0.9302,-0.8358
20,Undergraduate,46891.0,91,1,2,1,4,4,0,0,61,301,183,1,Partner,0,-1.1868,-1.1002,-0.6962
8786,Postgraduate,62058.0,52,4,6,1,7,6,0,0,70,399,450,1,Partner,0,0.1198,-1.3546,1.9501
10582,Graduate,72063.0,3,2,5,2,12,2,0,0,47,361,758,1,Partner,1,1.5,-1.153,-1.3749
1915,Postgraduate,78939.0,57,1,8,5,6,3,0,0,75,199,1507,0,Partner,1,2.7916,-1.3464,0.9795
8897,Graduate,42720.0,9,8,7,3,7,8,0,1,61,431,654,2,Alone,2,-0.2202,2.2228,1.5222
2371,Graduate,33622.0,22,3,2,0,4,7,0,0,54,442,81,2,Partner,0,-2.2779,-0.8772,-0.5476
4303,Postgraduate,6835.0,76,0,0,0,1,20,0,0,69,568,137,1,Partner,0,-4.3834,-0.7256,1.9953
6825,Graduate,41452.0,86,1,1,0,2,7,0,0,73,480,16,2,Partner,0,-2.2714,-0.972,-0.8329
1072,Postgraduate,40760.0,64,2,2,1,3,6,0,0,61,303,93,1,Alone,2,-1.3495,1.7774,1.1923
4964,Postgraduate,74250.0,90,1,2,11,4,1,0,0,68,154,1158,0,Partner,1,2.6558,-1.3376,-0.004
2461,Postgraduate,51124.0,79,2,1,0,3,3,0,0,71,193,43,2,Alone,2,-1.3206,1.5745,1.2243
10736,Graduate,72258.0,28,2,6,9,5,2,0,0,55,290,1525,1,Alone,3,2.4965,1.6964,-1.2161
3194,Postgraduate,71466.0,86,1,4,4,10,1,0,0,52,85,1230,0,Alone,3,2.5115,1.5176,0.1263
10839,Graduate,36283.0,42,2,1,0,3,4,0,0,50,76,29,2,Partner,0,-2.1466,-1.0139,-1.6441
49,Graduate,20587.0,39,1,1,1,2,7,0,0,56,49,25,1,Alone,2,-2.2879,2.0832,-1.4888
4290,Graduate,30467.0,8,1,1,0,2,7,0,0,54,102,24,1,Partner,0,-2.3352,-0.7756,-1.6473
10219,Graduate,31590.0,40,1,1,0,3,8,0,0,54,376,38,1,Partner,0,-2.2831,-0.8077,-1.4569
4211,Undergraduate,20425.0,5,2,2,0,3,7,0,0,40,608,57,1,Partner,0,-2.6374,-0.8014,-0.2951
1135,Postgraduate,17144.0,96,5,3,0,4,7,0,0,66,134,47,2,Partner,0,-2.4797,-1.2728,1.9587
6299,Postgraduate,42564.0,28,6,6,8,4,7,0,1,58,543,813,1,Alone,3,0.8078,2.1922,2.8741
10846,Postgraduate,43783.0,22,6,7,1,8,7,0,0,48,31,629,1,Partner,0,-0.3566,-1.345,1.8027
347,Graduate,40780.0,30,4,7,1,5,9,0,0,50,659,377,1,Alone,2,-0.9967,2.0322,0.1944
6543,Postgraduate,62847.0,45,1,3,6,4,2,0,0,81,530,1612,0,Partner,1,2.2,-1.2362,0.8164
10446,Postgraduate,82017.0,58,1,5,4,7,2,0,1,69,599,729,0,Partner,1,2.4526,-0.7529,1.148
3479,Graduate,16813.0,49,1,2,0,3,7,0,0,76,345,50,0,Alone,2,-1.6869,2.0719,-1.1568
11075,Graduate,51267.0,37,4,3,3,5,4,0,0,48,243,270,2,Partner,0,-0.8727,-1.1215,-0.9699
4442,Graduate,46524.0,70,2,1,1,5,3,0,0,65,450,177,1,Alone,2,-0.6579,1.8695,-1.2052
199,Postgraduate,45183.0,33,1,4,1,7,7,0,0,64,525,315,0,Alone,2,-0.1007,1.8507,1.3293
6722,Postgraduate,70421.0,98,3,10,3,7,6,0,0,72,1,767,1,Partner,1,1.1825,-1.521,1.7152
796,Undergraduate,60161.0,17,3,11,4,8,8,0,0,61,614,1071,1,Alone,3,1.0467,1.6912,1.3924
3749,Graduate,73926.0,54,1,6,5,12,3,0,0,53,484,1580,0,Partner,1,3.0241,-1.093,-1.4912
8523,Graduate,19329.0,39,3,4,0,3,8,0,0,58,197,60,1,Partner,0,-2.2838,-0.8994,-0.9117
310,Postgraduate,61872.0,81,4,4,4,9,4,0,0,56,198,573,1,Partner,1,0.7941,-1.3626,1.2808
8629,Graduate,46984.0,71,1,1,0,3,5,0,0,70,460,41,2,Alone,2,-1.6933,1.8452,-0.885
236,Graduate,34838.0,62,3,2,1,4,6,0,0,75,526,170,2,Partner,0,-1.7194,-0.9978,-0.2181
9930,Postgraduate,82716.0,8,1,6,8,13,2,0,0,82,236,1167,0,Alone,3,3.9214,1.3533,1.1734
3483,Graduate,48192.0,76,3,2,8,12,8,0,1,68,449,1526,0,Partner,1,2.2186,-0.5292,-0.4114
4599,Postgraduate,49681.0,66,6,7,1,7,7,0,0,50,237,458,2,Partner,0,-0.79,-1.3721,2.3217
7326,Postgraduate,56850.0,83,1,1,1,3,2,0,0,55,98,63,1,Partner,0,-0.7568,-1.2251,-0.0081
7352,Graduate,55267.0,28,4,3,4,6,3,0,0,69,251,405,1,Partner,0,0.2529,-1.1482,-0.8874
2350,Graduate,59666.0,87,7,3,2,8,8,0,0,54,464,1027,2,Partner,0,-0.4741,-1.172,0.3412
9145,Graduate,72504.0,43,2,5,9,6,2,0,0,54,449,1478,1,Alone,3,2.5054,1.7203,-1.1663
2964,Graduate,26872.0,0,1,1,1,2,6,0,0,45,256,72,0,Partner,0,-1.7688,-0.6388,-2.0663
5585,Graduate,21359.0,1,2,2,0,3,8,0,1,54,435,48,1,Alone,2,-1.951,2.6799,-0.4454
9687,Graduate,73170.0,1,1,5,4,6,2,0,0,51,29,726,0,Alone,3,1.5629,1.822,-2.0199
3732,Postgraduate,52750.0,72,6,5,7,9,4,0,0,71,510,860,1,Partner,1,1.4484,-1.4433,2.2408
6303,Postgraduate,91820.0,72,0,5,5,12,1,0,0,40,218,1497,0,Partner,1,3.4521,-1.3508,-0.2348
11176,Postgraduate,65968.0,12,2,5,4,7,3,0,0,56,48,495,1,Partner,1,0.8472,-1.3523,0.7189
2986,Graduate,30772.0,89,1,1,0,2,6,0,0,50,109,20,2,Partner,0,-2.5986,-0.9164,-1.6254
7462,Graduate,22507.0,67,3,10,2,4,9,0,0,72,582,570,0,Alone,2,-0.3377,1.9356,0.0657
3900,Graduate,65685.0,54,1,9,2,9,5,0,0,54,92,769,1,Partner,0,1.0756,-1.1458,-1.1473
7034,Undergraduate,25804.0,34,2,2,0,3,8,0,0,48,301,55,1,Partner,0,-2.6587,-0.9391,-0.4163
9493,Postgraduate,76412.0,15,1,5,4,8,3,0,1,46,420,1808,0,Alone,3,2.9982,2.2191,0.968
1143,Graduate,22063.0,43,2,2,0,3,7,0,0,54,325,55,1,Partner,0,-2.258,-0.7824,-1.2047
1,Graduate,57091.0,0,1,7,3,7,5,0,1,65,14,577,0,Alone,3,1.3765,2.4318,-0.8106
3855,Graduate,22419.0,74,1,3,2,2,8,0,0,63,437,162,0,Partner,0,-1.5463,-0.7534,-1.4063
5536,Graduate,87771.0,61,1,5,10,4,6,0,1,67,403,1957,1,Partner,1,2.9432,-0.5703,-0.5875
5989,Undergraduate,78353.0,51,1,10,2,11,8,0,0,67,439,1576,1,Alone,2,1.8376,1.5344,0.8463
9499,Graduate,93404.0,97,3,3,4,7,5,0,0,72,418,1616,3,Partner,1,1.1136,-1.4042,-0.155
6768,Graduate,37859.0,75,2,1,0,3,8,0,0,64,533,36,3,Alone,2,-2.7287,1.8654,-0.1457
2150,Postgraduate,80995.0,83,1,8,9,4,4,0,0,68,414,1482,1,Alone,3,2.7086,1.5136,1.5143
6646,Graduate,16529.0,23,1,1,0,3,6,0,0,42,120,22,1,Partner,0,-2.4672,-0.763,-1.9968
4887,Postgraduate,55412.0,65,1,2,0,3,5,0,0,50,219,63,2,Alone,2,-1.5303,1.6962,0.9153
8560,Graduate,48789.0,94,1,6,4,7,6,0,0,34,657,680,0,Alone,2,0.68,1.9986,-1.5372
3321,Postgraduate,56575.0,42,3,7,3,7,5,0,0,59,420,542,2,Partner,0,0.1747,-1.3252,1.9869
11003,Undergraduate,25130.0,10,2,2,0,3,7,0,0,46,270,50,1,Partner,0,-2.5687,-0.9554,-0.5778
10402,Graduate,35441.0,94,2,1,0,3,8,0,0,59,500,39,2,Partner,0,-2.5481,-0.9611,-0.8588
9904,Graduate,71391.0,50,5,6,5,12,3,0,0,70,457,1043,1,Partner,1,2.1878,-1.359,-0.2284
6141,Postgraduate,49494.0,46,2,6,1,5,7,0,0,54,430,385,1,Alone,2,-0.5099,1.7283,1.5761
5687,Graduate,81702.0,98,1,7,7,12,3,0,0,46,644,1633,0,Alone,3,3.6593,1.7315,-1.3555
10856,Undergraduate,45889.0,42,1,1,0,3,6,0,0,46,362,46,1,Alone,2,-1.9716,1.8737,-0.7326
5121,Graduate,56628.0,30,2,7,6,5,5,0,0,49,100,761,1,Alone,2,0.8061,1.8175,-1.0889
4186,Graduate,34026.0,11,3,2,1,3,5,0,0,76,328,76,2,Partner,0,-1.8187,-1.0104,-0.4314
368,Graduate,40049.0,61,3,3,2,6,5,0,0,52,577,290,1,Partner,0,-0.729,-0.9039,-0.9057
3312,Graduate,34176.0,12,4,3,0,4,6,0,0,38,48,89,1,Alone,2,-1.7996,1.9993,-1.159
11121,Graduate,19419.0,76,4,4,0,3,9,0,0,45,596,70,1,Partner,0,-2.4847,-0.8388,-0.6574
5332,Undergraduate,82504.0,2,1,3,6,7,1,0,0,66,337,1066,0,Partner,1,2.155,-1.2077,-0.9031
5848,Graduate,81205.0,43,1,5,6,7,2,0,1,56,167,2009,0,Partner,1,3.4165,-0.563,-1.5781
10343,Undergraduate,61618.0,27,2,3,6,8,3,0,0,35,638,1345,0,Alone,3,1.6336,1.8007,-0.8022
5935,Postgraduate,55284.0,60,3,7,5,8,5,0,0,70,552,764,1,Alone,3,1.2849,1.518,2.0989
2895,Graduate,49980.0,79,2,3,1,5,5,0,0,63,249,195,1,Alone,2,-0.699,1.8445,-1.078
10262,Graduate,15072.0,96,4,3,1,3,5,0,0,46,415,53,2,Partner,0,-2.3963,-1.0057,-0.9299
7848,Graduate,49166.0,17,2,5,3,3,6,0,0,52,381,368,1,Alone,2,-0.5503,1.958,-0.9141
9477,Postgraduate,65324.0,0,3,6,2,9,4,0,0,72,169,544,1,Partner,1,0.9059,-1.4105,1.5656
4856,Undergraduate,82347.0,38,1,7,7,10,3,0,0,69,600,1853,0,Partner,1,3.4201,-1.2848,-0.1295
7186,Postgraduate,30843.0,43,2,1,1,2,5,0,0,60,34,35,2,Partner,0,-2.2018,-1.1932,0.8621
5794,Postgraduate,46374.0,1,3,7,1,7,8,0,1,52,104,446,1,Partner,0,-0.1784,-0.637,1.9548
1456,Graduate,60474.0,25,7,10,2,12,7,0,0,47,454,1180,1,Alone,2,1.3476,1.6974,0.7179
4877,Postgraduate,38576.0,2,1,1,0,3,7,0,0,53,117,41,1,Partner,0,-1.97,-0.9932,0.6086
425,Graduate,55357.0,66,3,6,2,11,5,0,0,41,495,727,2,Partner,0,0.2992,-1.0992,-0.5278
3007,Graduate,37758.0,49,2,1,0,3,8,0,0,60,633,40,2,Partner,0,-2.4572,-0.8404,-0.5267
1031,Undergraduate,85710.0,5,1,6,9,10,2,0,0,37,420,1062,0,Partner,1,2.9228,-1.135,-0.9535
4297,Graduate,23228.0,71,2,2,0,3,8,0,0,57,154,40,1,Partner,0,-2.3918,-0.8675,-1.3085
807,Postgraduate,44602.0,35,6,6,1,4,8,0,0,57,134,292,2,Partner,0,-1.5504,-1.2694,2.4333
9553,Graduate,7500.0,94,1,0,0,3,6,0,0,39,536,15,0,Partner,0,-2.3358,-0.6753,-2.2909
4271,Undergraduate,38683.0,80,6,4,1,6,7,0,0,37,633,341,1,Partner,0,-1.5314,-1.0739,0.4716
4120,Undergraduate,49514.0,61,2,6,1,4,7,0,0,51,194,369,1,Alone,2,-1.0578,1.7578,-0.0391
2036,Postgraduate,57906.0,29,3,4,2,8,4,0,0,53,383,401,1,Partner,1,0.23,-1.2121,1.2597
115,Postgraduate,43456.0,0,3,5,1,8,5,0,0,60,460,393,1,Alone,2,-0.0781,1.721,1.8806
4259,Postgraduate,19485.0,80,1,1,0,2,7,0,0,40,278,10,2,Alone,2,-2.8515,1.8631,0.8241
8687,Graduate,53172.0,54,3,2,3,8,3,0,0,48,419,486,1,Partner,0,0.1515,-1.0602,-1.4322
2447,Graduate,30545.0,71,2,2,0,3,7,0,0,47,620,69,1,Partner,0,-2.0835,-0.754,-1.1581
10140,Postgraduate,70123.0,27,1,5,7,4,3,0,0,43,274,1727,0,Partner,1,2.269,-1.1642,0.1105
9353,Graduate,62450.0,61,2,5,5,4,3,0,0,67,174,995,1,Alone,3,1.0738,1.6924,-1.1501
3623,Graduate,21675.0,55,3,4,0,3,7,0,0,50,18,45,1,Partner,0,-2.2023,-0.899,-1.2649
738,Undergraduate,42395.0,35,4,3,1,4,7,0,0,45,86,182,2,Alone,2,-2.1412,1.7494,0.3123
7631,Postgraduate,61346.0,34,1,5,7,10,3,0,0,48,266,989,1,Partner,1,1.9006,-1.3181,0.6371
4789,Graduate,80812.0,95,1,4,8,5,2,0,0,73,285,1677,0,Partner,1,2.9178,-1.1689,-1.7586
773,Postgraduate,42835.0,64,7,6,6,4,6,0,0,55,364,595,2,Alone,2,-0.3057,1.5332,2.7084
10602,Graduate,39922.0,30,2,3,0,4,8,0,0,43,500,156,1,Partner,0,-1.8184,-0.8106,-1.1816
1446,Postgraduate,86424.0,12,1,6,9,12,1,0,0,70,85,1226,0,Alone,3,4.0882,1.4234,0.8263
3270,Undergraduate,17117.0,96,4,3,1,3,9,0,0,48,528,128,1,Partner,0,-2.6989,-0.9659,0.2355
8443,Graduate,24762.0,16,3,3,1,2,8,0,1,54,139,86,1,Alone,2,-1.8218,2.5572,-0.5283
9653,Graduate,35797.0,16,2,2,0,3,8,0,0,51,621,68,1,Partner,0,-2.0919,-0.7619,-0.9845
8916,Graduate,36627.0,78,1,0,0,3,5,0,0,51,341,16,2,Alone,2,-2.1982,1.9214,-1.4444
8017,Undergraduate,51111.0,83,2,2,0,3,6,0,0,45,10,55,2,Partner,0,-2.3266,-1.1855,-0.6786
5830,Postgraduate,86857.0,96,1,5,6,10,2,0,1,54,655,2114,0,Alone,3,4.1973,2.0882,1.163
4597,Postgraduate,82072.0,67,1,3,2,13,1,0,0,56,362,2018,0,Partner,1,3.2698,-1.3617,0.2905
7023,Postgraduate,46231.0,87,4,6,1,4,9,0,0,73,580,263,3,Alone,2,-1.6845,1.5026,3.1389
8086,Graduate,42243.0,34,2,2,0,3,7,0,0,67,200,55,2,Partner,0,-2.1485,-1.0077,-0.8167
8825,Graduate,51195.0,46,8,9,2,5,8,0,0,64,454,564,2,Partner,0,-0.71,-1.2344,1.0872
2930,Postgraduate,68092.0,7,2,2,6,10,5,0,0,48,195,1281,0,Alone,2,1.9746,1.6927,0.6873
1928,Graduate,31814.0,73,2,2,0,3,9,0,0,53,505,83,1,Partner,0,-2.2887,-0.7708,-0.9622
7108,Postgraduate,51390.0,54,6,5,2,5,5,0,0,61,659,353,2,Alone,2,-0.595,1.538,2.6774
10925,Graduate,76630.0,93,1,3,10,11,1,0,0,43,166,1003,0,Partner,1,3.0574,-1.2151,-2.5873
9960,Undergraduate,26868.0,52,1,1,0,2,7,0,0,35,60,14,1,Alone,2,-2.7736,1.9266,-1.1422
8800,Postgraduate,48948.0,53,2,7,10,5,6,0,1,83,513,902,0,Alone,3,2.3388,2.1313,2.1796
9224,Postgraduate,55260.0,81,2,8,10,5,6,0,0,54,564,1139,1,Alone,3,1.7815,1.5839,1.6398
5519,Graduate,64090.0,8,1,6,9,4,5,0,1,70,326,797,1,Partner,1,1.7018,-0.5009,-0.5335
5046,Graduate,78331.0,97,2,10,6,7,4,0,0,68,157,1638,1,Alone,3,2.7289,1.5464,-0.6076
7037,Postgraduate,37087.0,50,3,4,2,8,6,0,0,52,322,401,1,Partner,0,-0.4887,-1.2108,1.2438
905,Graduate,21846.0,38,4,4,0,3,8,0,0,40,250,84,1,Alone,2,-2.2841,2.0798,-0.7357
8624,Graduate,81320.0,61,1,4,3,10,2,0,0,68,508,928,0,Partner,1,2.2353,-1.1479,-1.5622
8945,Graduate,54137.0,46,2,4,1,4,6,0,0,56,317,203,1,Alone,2,-0.8165,1.8883,-1.0245
6445,Graduate,66825.0,73,1,4,5,6,2,0,0,59,350,858,0,Partner,1,1.6109,-1.0515,-1.9455
2727,Graduate,57100.0,19,1,3,3,6,3,0,0,53,207,409,0,Partner,0,0.4953,-0.9067,-2.0152
6404,Graduate,58917.0,10,5,4,1,6,5,0,0,57,462,282,3,Partner,0,-1.1975,-1.1591,0.2105
11074,Graduate,85072.0,94,1,3,4,10,0,0,0,49,81,1423,0,Alone,3,2.8502,1.6217,-2.4576
10150,Graduate,86429.0,10,0,7,4,7,2,0,1,65,220,1449,0,Alone,3,3.2236,2.288,-1.2225
1968,Graduate,45684.0,37,1,1,0,2,7,0,0,55,209,28,1,Alone,2,-1.9013,2.0635,-1.3849
6534,Graduate,47889.0,94,1,2,0,3,5,0,0,52,176,67,1,Partner,0,-1.4731,-0.9528,-1.9039
9485,Postgraduate,45921.0,23,1,2,1,6,4,0,0,40,111,199,0,Partner,0,-0.4563,-1.0604,-0.2048
7053,Postgraduate,78420.0,75,1,3,10,8,1,0,0,60,365,1453,0,Alone,3,3.4399,1.514,0.3614
4654,Graduate,75114.0,40,1,3,10,5,2,0,0,34,234,1253,0,Partner,1,2.3357,-0.9439,-2.5185
9760,Postgraduate,52278.0,24,6,10,5,10,8,0,1,63,520,1198,1,Alone,3,1.852,2.0087,3.4359
1048,Postgraduate,35641.0,11,2,3,1,4,7,0,1,54,350,178,1,Partner,0,-1.0967,-0.4474,1.6041
10619,Graduate,95529.0,29,1,7,3,7,3,0,1,32,573,1990,0,Alone,3,3.2921,2.439,-1.2988
9308,Graduate,62820.0,51,1,3,4,6,1,0,0,72,414,976,0,Partner,1,1.6299,-1.0841,-1.8036
10505,Postgraduate,73113.0,86,1,3,4,7,2,0,0,66,185,1001,0,Partner,1,1.824,-1.3643,0.1465
8362,Postgraduate,84169.0,9,1,7,6,6,3,0,1,44,326,1919,0,Partner,1,3.3605,-0.6544,0.823
2625,Undergraduate,42607.0,30,2,3,2,7,3,0,0,72,224,350,1,Alone,2,-0.2982,1.6491,-0.0657
4637,Postgraduate,74637.0,73,1,6,9,9,3,0,0,72,407,1650,0,Alone,3,3.6201,1.4847,1.0958
9972,Postgraduate,46015.0,25,1,1,0,3,7,0,0,71,77,46,2,Partner,0,-2.0549,-1.2189,1.1214
4483,Graduate,72354.0,67,1,2,10,6,1,0,0,33,438,1228,0,Alone,3,2.5344,1.9196,-2.3911
4487,Postgraduate,39858.0,67,1,2,0,4,6,0,1,57,521,95,1,Alone,2,-0.9995,2.3691,1.468
4988,Postgraduate,34469.0,58,3,1,1,4,4,0,0,78,56,62,2,Partner,0,-1.6208,-1.3417,1.3566
8931,Graduate,83033.0,82,1,11,4,10,5,0,0,40,42,1761,1,Partner,1,2.6276,-1.2616,-1.3856
5871,Postgraduate,24401.0,98,3,6,1,6,8,0,0,47,667,467,0,Partner,0,-0.7455,-1.0284,1.331
2008,Graduate,77583.0,93,1,4,5,9,2,0,0,48,139,1149,0,Partner,1,2.2695,-1.1088,-2.2427
3139,Undergraduate,74116.0,53,1,4,4,10,2,0,0,44,181,2052,0,Alone,3,2.6378,1.6475,-1.1017
10037,Graduate,74293.0,66,1,5,4,6,2,0,0,33,56,1127,0,Alone,3,1.7414,1.8219,-2.4635
10673,Postgraduate,68397.0,6,1,6,9,5,3,0,0,50,224,1416,1,Partner,1,2.1701,-1.283,0.6434
5303,Postgraduate,79632.0,42,1,6,4,9,2,0,0,52,82,1113,0,Partner,1,2.4386,-1.3198,0.2332
538,Graduate,46107.0,78,1,1,1,4,3,0,0,37,139,125,1,Alone,2,-1.0666,1.9891,-2.1625
7922,Postgraduate,64950.0,29,2,11,2,10,7,0,0,75,686,966,1,Alone,3,1.66,1.5134,2.6961
5692,Undergraduate,25443.0,82,1,1,0,3,8,0,0,37,554,32,1,Partner,0,-2.791,-0.8522,-0.7478
4843,Graduate,75127.0,92,1,2,11,5,1,0,0,74,38,833,0,Alone,3,2.5868,1.6588,-2.0451
6383,Postgraduate,32892.0,78,2,3,0,3,8,0,0,55,35,46,1,Partner,0,-2.0545,-1.1277,0.8245
1628,Graduate,71796.0,54,1,9,3,4,4,0,0,55,248,960,0,Partner,1,1.4547,-0.9851,-1.4657
1204,Postgraduate,67536.0,45,3,11,5,11,8,0,0,56,403,1829,1,Partner,1,2.4335,-1.351,2.2942
3673,Graduate,55239.0,59,3,7,5,11,5,0,0,55,350,779,1,Alone,3,1.4037,1.7022,-0.5017
760,Postgraduate,60554.0,8,2,8,4,9,6,0,0,51,324,811,1,Alone,3,1.209,1.6535,1.7324
8957,Undergraduate,64831.0,51,8,6,3,5,6,0,0,74,384,1120,2,Alone,2,-0.0175,1.3834,1.8844
4128,Postgraduate,56067.0,51,2,7,4,7,5,0,0,64,344,725,1,Partner,1,0.8745,-1.2925,1.4791
6810,Graduate,82025.0,76,1,3,2,6,1,0,1,43,397,1187,0,Alone,3,2.1069,2.4115,-1.8078
5386,Graduate,94384.0,62,0,5,8,5,2,0,1,73,482,2302,0,Partner,1,4.1832,-0.5725,-1.235
8700,Undergraduate,14906.0,86,3,2,1,3,7,0,0,40,554,66,0,Alone,2,-2.1877,1.9813,-0.5442
3202,Postgraduate,51563.0,60,1,4,4,10,8,0,0,39,636,1250,0,Partner,1,1.073,-1.0202,0.8437
1328,Undergraduate,57937.0,56,3,4,4,9,3,0,0,44,133,683,1,Partner,0,0.4967,-1.2483,-0.5721
8405,Graduate,68274.0,83,2,4,2,5,3,0,0,47,272,305,2,Alone,2,-0.2467,1.7186,-1.2163
6515,Graduate,39771.0,92,1,2,0,3,4,0,0,49,205,50,1,Partner,0,-1.5338,-0.9325,-2.0225
2882,Undergraduate,67893.0,31,2,3,2,9,8,0,0,51,636,995,1,Alone,2,0.1465,1.7946,0.3865
7574,Postgraduate,27922.0,80,1,2,0,3,4,0,0,47,50,41,1,Partner,0,-1.7455,-1.1203,0.0494
6387,Postgraduate,52190.0,39,3,2,1,3,5,0,0,50,52,77,2,Partner,0,-1.6381,-1.2301,0.9955
5320,Postgraduate,44051.0,20,4,3,1,4,6,0,1,53,516,171,2,Alone,2,-1.1301,2.2657,2.4266
5048,Postgraduate,42767.0,53,1,3,1,2,8,0,0,55,414,131,2,Alone,2,-1.9428,1.7927,1.517
8146,Postgraduate,46106.0,84,1,1,1,2,6,0,0,50,49,54,2,Partner,0,-2.0619,-1.1906,0.4984
10031,Postgraduate,16927.0,50,5,3,0,4,8,0,0,50,504,53,2,Partner,0,-2.6955,-1.1417,2.0254
5748,Graduate,59754.0,96,3,5,2,6,5,0,1,61,575,475,1,Partner,0,0.4269,-0.5298,-0.3384
2134,Graduate,53700.0,94,4,5,5,8,5,0,0,74,681,694,1,Alone,2,0.9514,1.7146,0.0609
1523,Graduate,59041.0,25,2,2,0,4,5,0,0,53,53,96,2,Partner,0,-1.5238,-0.9975,-1.2446
9665,Postgraduate,54237.0,48,4,5,2,5,6,0,0,69,428,361,1,Alone,2,-0.2052,1.572,2.0026
4640,Graduate,70647.0,65,2,4,7,13,2,0,0,59,646,1079,1,Alone,3,2.6795,1.6588,-0.835
3635,Postgraduate,52597.0,69,3,6,3,8,5,0,0,64,53,578,1,Alone,2,0.5785,1.4865,1.497
3547,Postgraduate,41021.0,12,2,2,0,3,6,0,1,57,546,64,1,Partner,0,-1.2352,-0.4332,1.6066
2456,Postgraduate,40233.0,84,5,2,1,5,6,0,0,51,258,149,1,Partner,0,-1.3761,-1.1903,1.3214
5633,Graduate,50183.0,47,7,3,1,6,5,0,0,46,4,231,2,Partner,0,-1.3774,-1.1851,-0.4914
7801,Graduate,54753.0,87,3,5,2,11,4,0,0,67,290,728,1,Partner,0,0.8644,-1.2591,-0.8531
10489,Graduate,92955.0,35,1,6,7,9,2,0,1,53,314,1778,0,Partner,1,3.9434,-0.6197,-1.4503
7011,Graduate,33471.0,47,3,3,0,4,7,0,0,53,625,93,1,Partner,0,-1.7839,-0.844,-0.7768
2620,Postgraduate,34596.0,48,1,1,0,2,8,0,1,52,442,23,1,Partner,0,-1.9044,-0.3695,1.2577
3933,Graduate,44010.0,46,6,10,2,6,9,0,0,46,624,662,1,Partner,0,-0.374,-0.9781,0.455
10981,Graduate,84219.0,27,1,3,4,10,1,0,0,38,147,1198,0,Partner,1,2.3573,-1.094,-2.5615
1734,Postgraduate,40706.0,37,4,3,0,4,7,0,0,58,528,81,3,Partner,0,-2.3136,-1.1966,2.4053
10995,Undergraduate,15716.0,8,3,3,0,4,8,1,0,38,594,92,1,Partner,0,-2.8927,-0.8345,-0.4666
6357,Undergraduate,59052.0,29,3,7,1,7,5,0,0,67,224,491,1,Alone,2,0.0405,1.5796,0.4676
9209,Postgraduate,80573.0,85,1,4,6,13,2,0,0,55,623,1564,0,Partner,1,3.4532,-1.3726,0.5348
10286,Graduate,83715.0,2,1,2,8,13,0,0,0,64,146,926,0,Partner,1,3.3011,-1.2432,-2.1365
2611,Postgraduate,82576.0,66,1,2,4,12,1,0,0,67,697,1910,0,Partner,1,3.4191,-1.3109,0.7116
1600,Postgraduate,56962.0,60,7,6,3,5,7,0,0,61,261,411,3,Partner,0,-1.0335,-1.4533,2.9965
3308,Graduate,35704.0,54,3,2,0,4,4,0,0,74,177,94,2,Partner,0,-1.7026,-1.0993,-0.739
5407,Graduate,53103.0,70,5,10,6,7,7,0,0,72,290,1085,1,Partner,1,1.2595,-1.2537,0.2527
2166,Undergraduate,46779.0,55,1,0,1,2,4,0,0,66,352,23,2,Alone,2,-1.9686,1.7659,-0.2135
3955,Graduate,4861.0,20,0,0,0,0,14,0,0,61,7,6,0,Alone,2,-3.6031,2.3214,-1.4571
6634,Postgraduate,33462.0,78,1,2,0,3,7,0,0,47,326,54,1,Alone,2,-1.8877,1.84,0.7423
3056,Graduate,63693.0,63,3,11,6,9,6,0,0,48,258,1150,1,Alone,3,1.9467,1.6944,-0.3426
5718,Graduate,80763.0,17,1,5,11,6,3,0,1,76,318,1415,0,Partner,1,3.6042,-0.5757,-0.9744
6872,Postgraduate,65352.0,43,2,4,2,8,4,0,0,52,312,405,1,Partner,1,0.3893,-1.2638,0.9002
8164,Postgraduate,82170.0,13,1,5,6,7,2,0,0,48,216,1908,0,Partner,1,3.0225,-1.2514,0.191
4580,Graduate,75759.0,46,1,9,7,9,5,0,1,57,247,2486,0,Partner,1,4.0443,-0.579,-0.8596
9305,Undergraduate,79689.0,65,1,4,9,13,2,0,0,50,413,1315,0,Alone,3,3.3247,1.5259,-0.8771
453,Postgraduate,35340.0,1,2,2,0,3,5,0,0,70,0,45,2,Alone,2,-1.8505,1.6894,1.4778
8545,Graduate,85683.0,6,1,2,4,10,1,0,1,72,100,1789,0,Alone,3,3.4565,2.2134,-1.3873
9850,Undergraduate,24884.0,32,1,0,0,3,7,0,0,54,577,19,1,Partner,0,-2.6368,-0.8996,-0.5318
7378,Postgraduate,42021.0,34,5,10,1,6,9,0,0,45,667,573,1,Partner,0,-0.5123,-1.1395,2.4997
7646,Graduate,64449.0,70,4,5,3,12,4,0,0,37,131,805,1,Alone,3,1.1553,1.6523,-1.1404
1640,Graduate,64587.0,49,2,1,1,4,3,0,0,72,7,108,2,Alone,2,-0.8488,1.7184,-1.0571
5184,Graduate,34824.0,65,1,1,0,2,6,0,0,31,95,23,0,Alone,2,-1.8397,2.1586,-2.4562
8492,Graduate,75437.0,25,1,8,4,10,6,0,0,48,232,1493,0,Partner,1,2.3159,-1.0631,-1.428
11188,Graduate,26091.0,84,3,2,1,3,5,0,0,69,124,89,2,Partner,0,-2.0741,-1.1362,-0.9899
1212,Graduate,52845.0,7,3,8,8,6,6,0,0,53,320,936,1,Partner,0,1.1697,-1.0106,-0.5285
9097,Graduate,46086.0,34,4,3,1,8,4,0,0,70,238,343,1,Alone,2,-0.2086,1.7061,-0.6157
10473,Postgraduate,78028.0,38,1,6,4,9,7,0,1,70,657,528,1,Alone,3,1.6102,2.1129,2.305
7962,Postgraduate,95169.0,1,1,4,3,4,1,0,1,39,263,1901,0,Alone,3,2.9363,2.2632,0.4343
9984,Undergraduate,56337.0,25,5,8,5,4,8,0,1,45,459,724,2,Partner,0,-0.2559,-0.6727,1.3937
5527,Graduate,22434.0,25,2,2,0,3,8,0,0,39,501,58,1,Partner,0,-2.4834,-0.6881,-1.276
6374,Postgraduate,36930.0,50,5,5,2,4,8,0,0,72,408,297,1,Partner,0,-1.0894,-1.2282,2.2477
7453,Graduate,36130.0,46,6,3,8,4,4,0,1,72,512,488,1,Alone,2,0.5746,2.298,0.3153
8952,Postgraduate,65569.0,96,2,6,5,10,3,0,0,73,601,859,1,Partner,1,1.9372,-1.4619,1.513
241,Graduate,83844.0,57,1,4,4,11,1,0,0,74,413,1574,0,Partner,1,3.2059,-1.1733,-1.4551
8975,Graduate,19514.0,47,4,3,1,2,8,0,0,58,154,69,2,Partner,0,-2.7619,-0.9883,-0.5599
6119,Postgraduate,36736.0,52,1,1,0,2,6,0,0,63,415,17,2,Alone,2,-2.1507,1.7626,1.3222
5236,Graduate,77568.0,30,1,10,2,8,5,0,0,47,673,2194,1,Partner,1,2.4088,-1.0276,-0.6561
5723,Postgraduate,49187.0,63,1,1,1,5,2,0,0,50,169,116,1,Partner,0,-0.6682,-1.1786,0.0586
1710,Graduate,30168.0,51,7,6,1,4,9,0,0,48,479,279,1,Alone,2,-1.651,1.953,0.39
1970,Postgraduate,34053.0,14,1,3,0,3,8,0,0,58,657,103,1,Partner,0,-1.812,-0.9013,1.4244
5313,Postgraduate,38196.0,20,3,2,0,4,5,0,0,55,72,44,2,Partner,0,-1.9239,-1.2033,1.1774
10634,Postgraduate,59412.0,56,1,4,2,8,3,0,0,75,71,406,0,Partner,1,0.9537,-1.3594,0.4481
7010,Undergraduate,70924.0,41,1,6,6,7,3,0,0,61,83,1363,0,Partner,1,2.0781,-1.273,-0.9059
8562,Graduate,54165.0,72,1,2,1,7,2,0,0,57,397,236,0,Partner,0,0.2369,-0.9905,-2.1174
3158,Graduate,32300.0,1,1,1,0,3,8,0,0,53,542,39,1,Partner,0,-2.2359,-0.6785,-1.152
4436,Graduate,20180.0,27,1,2,1,4,7,0,0,50,494,137,0,Alone,2,-1.4886,2.192,-1.4698
5287,Graduate,34961.0,77,3,3,1,3,7,0,0,53,10,79,1,Partner,0,-1.8461,-0.9693,-1.3588
2445,Postgraduate,28440.0,87,1,2,0,3,8,0,0,52,357,63,1,Partner,0,-2.1572,-0.9923,0.8197
6059,Postgraduate,64504.0,81,7,11,3,4,7,0,1,73,482,1314,3,Partner,0,0.6599,-1.0294,4.0798
4550,Postgraduate,33564.0,51,1,1,1,3,5,0,0,60,5,71,1,Partner,0,-1.5992,-1.1192,0.3704
4240,Graduate,17345.0,79,2,2,1,2,8,0,0,48,603,58,1,Partner,0,-2.4666,-0.7322,-1.1331
8911,Postgraduate,56320.0,11,3,5,4,9,4,0,0,59,447,702,1,Partner,1,0.9666,-1.2985,1.4627
3706,Graduate,28647.0,54,1,2,2,2,7,0,1,48,312,94,1,Alone,2,-1.5031,2.6393,-1.0364
3628,Undergraduate,15038.0,93,2,2,1,2,9,0,0,39,516,80,1,Alone,2,-2.9063,2.0126,-0.236
10175,Postgraduate,32173.0,0,1,1,0,3,4,0,0,68,332,22,1,Alone,2,-1.4603,1.7789,0.908
8985,Undergraduate,68316.0,54,5,10,7,10,6,0,0,62,602,1211,1,Partner,1,1.9713,-1.4163,1.184
5204,Graduate,74538.0,21,1,8,8,5,3,0,1,55,365,1461,0,Partner,1,3.1089,-0.4676,-1.1121
9220,Graduate,91700.0,58,1,8,6,5,3,0,1,55,528,1968,0,Alone,3,3.6706,2.3303,-0.9111
9888,Graduate,68695.0,3,1,4,4,7,2,0,0,57,4,1091,0,Partner,1,1.7145,-1.0785,-2.1584
5263,Undergraduate,31056.0,99,1,1,0,3,8,0,0,49,523,55,1,Partner,0,-2.5661,-0.9327,-0.5739
1020,Graduate,79593.0,70,1,5,6,7,2,0,0,53,48,1366,0,Partner,1,2.5074,-1.1032,-2.1215
9503,Graduate,28071.0,65,2,5,1,5,8,0,0,46,669,313,0,Alone,2,-0.967,2.0879,-1.0178
10613,Postgraduate,37334.0,44,4,3,0,4,4,0,0,68,123,62,2,Partner,0,-1.6198,-1.3605,1.5132
67,Postgraduate,46423.0,6,3,2,0,4,7,0,0,54,284,92,2,Alone,2,-1.8629,1.7743,1.7971
6019,Postgraduate,37126.0,9,1,1,2,2,6,0,1,55,91,72,1,Partner,0,-1.3086,-0.4794,0.8655
5863,Graduate,47703.0,95,4,6,3,8,5,0,0,73,396,655,1,Partner,0,0.4623,-1.2163,-0.351
3717,Graduate,61180.0,70,2,5,5,6,3,0,0,67,67,704,1,Partner,0,0.9576,-1.1867,-1.3211
6730,Graduate,38998.0,92,3,2,0,3,8,1,0,72,603,54,2,Partner,0,-2.4698,-0.9616,-0.5905
10749,Graduate,8028.0,62,15,0,1,0,19,0,0,35,649,178,0,Alone,0,-4.5726,2.1641,1.6157
4998,Graduate,76081.0,85,1,4,5,4,2,0,0,64,37,1033,0,Partner,1,1.6868,-1.1177,-2.152
6287,Graduate,34728.0,2,1,1,1,2,6,0,1,40,334,36,1,Partner,0,-1.6851,-0.1624,-1.4357
5985,Postgraduate,33168.0,0,3,2,1,4,7,0,0,61,624,122,1,Alone,2,-1.4867,1.8563,1.8144
4754,Postgraduate,33585.0,91,1,2,0,4,4,0,0,60,277,122,1,Partner,0,-1.3033,-1.1499,0.5294
4002,Postgraduate,77037.0,3,1,7,7,12,3,0,0,66,259,1123,1,Partner,1,2.8976,-1.4193,1.2865
8870,Graduate,35196.0,68,6,6,1,5,8,0,1,42,593,497,1,Partner,0,-0.8774,-0.4095,0.2001
966,Graduate,44529.0,98,6,6,2,11,5,0,0,60,359,691,1,Partner,0,0.4555,-1.2226,-0.137
4767,Undergraduate,70924.0,41,1,6,6,7,3,0,0,61,83,1363,0,Partner,1,2.0816,-1.2559,-0.8733
9725,Postgraduate,28764.0,16,1,1,0,2,8,0,0,60,24,12,2,Partner,0,-2.7794,-1.1074,0.954
4475,Postgraduate,69098.0,82,1,7,8,9,5,0,0,77,498,2440,0,Partner,1,3.7517,-1.3665,1.3534
5740,Undergraduate,25959.0,1,2,1,2,2,6,0,1,56,500,56,2,Alone,2,-2.1367,2.4437,0.5955
5731,Postgraduate,27100.0,64,1,1,0,3,7,0,0,43,450,37,1,Partner,0,-2.2294,-0.9404,0.5619
7290,Graduate,70596.0,68,1,3,5,12,2,0,0,41,632,968,0,Alone,3,2.3537,1.8378,-1.8346
3846,Graduate,42557.0,98,4,6,1,4,8,0,0,52,669,270,1,Partner,0,-1.1981,-0.9267,-0.3078
8104,Postgraduate,53312.0,32,1,5,1,5,7,0,0,75,324,278,0,Partner,0,-0.1455,-1.1471,1.121
4507,Graduate,72228.0,87,1,6,7,8,3,0,0,74,579,1250,0,Alone,3,2.8445,1.7273,-1.0077
11013,Graduate,67605.0,84,1,2,8,6,1,0,0,39,455,938,0,Partner,1,1.8916,-1.01,-2.5695
4491,Postgraduate,62845.0,3,11,3,4,10,8,0,0,77,636,1178,2,Partner,0,0.3734,-1.5021,4.0709
3759,Graduate,65196.0,34,2,7,6,11,5,0,0,68,339,1155,2,Partner,1,1.7005,-1.2652,-0.2369
1162,Postgraduate,42000.0,23,2,5,2,11,5,0,1,39,535,653,0,Alone,3,1.174,2.3714,1.4205
2055,Postgraduate,35860.0,37,2,1,1,2,5,0,0,53,41,49,2,Alone,2,-2.046,1.7374,0.9974
10766,Postgraduate,65526.0,22,1,4,4,8,2,0,0,62,79,506,1,Partner,1,1.0887,-1.3761,0.5139
4415,Graduate,16860.0,19,3,1,1,3,7,0,0,65,655,38,2,Partner,0,-2.5966,-0.8407,-0.2862
3005,Graduate,83528.0,7,1,4,10,8,1,0,1,34,59,1650,0,Alone,3,3.8026,2.3872,-1.9626
2223,Undergraduate,64176.0,52,8,8,9,8,6,0,0,61,695,1826,1,Alone,3,2.2097,1.4973,1.8884
4817,Graduate,22304.0,91,1,1,0,2,8,0,0,70,694,18,0,Alone,2,-1.9383,2.1403,-1.0839
2875,Graduate,67023.0,93,1,3,7,13,2,1,0,48,117,906,0,Partner,1,2.3101,-1.122,-2.6749
10536,Postgraduate,32892.0,78,2,3,0,3,8,0,0,55,35,46,1,Partner,0,-2.0609,-1.1594,0.7642
11112,Graduate,70713.0,23,6,5,6,8,3,0,0,60,573,1477,1,Partner,1,1.9823,-1.2312,-0.2407
3807,Graduate,59925.0,83,3,9,2,9,6,0,0,71,576,766,1,Partner,1,0.9797,-1.1752,-0.0172
9197,Graduate,39722.0,92,2,2,0,3,5,0,0,73,125,47,1,Partner,0,-1.527,-1.0744,-1.4049
10832,Graduate,46610.0,4,1,6,1,6,6,0,0,68,346,467,0,Partner,0,0.0711,-0.9445,-1.2011
6421,Graduate,88347.0,32,1,4,7,9,1,0,0,65,361,2116,0,Partner,1,3.7989,-1.1656,-1.7377
4207,Postgraduate,87171.0,27,1,6,7,11,2,0,0,45,424,1298,0,Partner,1,3.3838,-1.2708,0.4767
577,Undergraduate,26907.0,10,2,1,0,3,7,0,0,50,313,22,2,Partner,0,-2.9677,-0.9435,-0.066
10855,Postgraduate,50014.0,9,2,4,1,8,5,0,0,58,158,396,1,Alone,2,-0.0944,1.6024,1.1521
3081,Postgraduate,41014.0,65,1,1,0,2,7,0,0,48,433,20,1,Partner,0,-2.0336,-0.9535,0.6632
3535,Graduate,66294.0,68,1,4,3,5,2,0,0,61,104,967,0,Alone,3,1.3567,1.8144,-1.9038
247,Graduate,36715.0,16,6,7,2,4,9,0,1,55,589,357,1,Partner,0,-0.8439,-0.3276,0.8143
8707,Graduate,79456.0,12,1,5,6,4,3,0,1,70,676,1401,0,Partner,1,2.6473,-0.4358,-0.8416
9523,Graduate,40479.0,95,1,0,0,3,4,0,0,44,316,15,1,Partner,0,-1.7686,-0.897,-2.2269
6072,Postgraduate,75345.0,16,1,5,8,6,3,0,1,56,512,2087,0,Alone,3,3.6193,2.2301,1.2426
6295,Graduate,54233.0,46,4,11,6,5,8,0,0,49,510,981,1,Partner,1,0.8192,-1.0382,-0.0157
10914,Graduate,24163.0,3,2,1,0,3,4,0,0,56,260,17,2,Alone,2,-2.2258,1.9242,-1.1265
1509,Postgraduate,84460.0,80,0,9,9,4,5,0,1,68,541,523,0,Partner,1,2.7185,-0.6676,1.4817
5577,Graduate,43776.0,77,1,1,0,2,6,0,0,43,57,23,1,Partner,0,-2.0322,-0.8619,-2.1368
7348,Postgraduate,71691.0,0,1,4,7,5,2,0,1,68,104,1192,0,Alone,3,2.6827,2.1488,0.9294
1127,Postgraduate,85844.0,62,1,6,6,7,2,0,0,53,31,1958,0,Partner,1,3.252,-1.3228,0.2094
1833,Postgraduate,39190.0,91,2,2,1,4,5,0,0,52,64,133,1,Alone,2,-1.2187,1.7052,0.6835
4944,Graduate,71367.0,24,1,4,5,7,2,0,0,67,310,777,0,Partner,1,1.8182,-1.053,-1.689
9080,Postgraduate,38578.0,2,3,3,0,3,8,0,0,54,372,73,2,Alone,2,-2.1862,1.7627,1.8934
6466,Postgraduate,57236.0,22,3,2,1,4,3,0,0,61,109,121,2,Partner,0,-1.0161,-1.3044,1.1301
9964,Graduate,61825.0,56,1,4,2,8,4,0,0,47,326,424,1,Alone,2,0.3352,1.8099,-1.5016
4790,Graduate,79803.0,54,1,4,3,5,1,0,0,68,27,868,1,Alone,3,1.3608,1.6703,-1.5882
10245,Undergraduate,80910.0,71,1,3,3,8,1,0,0,40,606,756,0,Alone,3,1.5042,1.7105,-1.1856
1109,Postgraduate,27590.0,38,1,1,0,2,7,0,0,44,432,12,1,Partner,0,-2.341,-0.8684,0.6662
6001,Graduate,56775.0,62,2,5,8,10,5,0,0,47,543,937,1,Partner,1,1.5673,-1.0749,-1.0602
5538,Graduate,83829.0,78,0,4,7,6,1,0,1,51,264,1862,0,Alone,3,3.5249,2.3329,-1.8568
10552,Undergraduate,54210.0,18,2,4,1,7,5,0,0,47,405,367,1,Partner,0,-0.6431,-1.1236,-0.3865
1545,Graduate,38508.0,95,6,7,2,5,8,0,0,40,331,443,1,Partner,0,-1.0213,-0.995,-0.3191
7409,Graduate,53187.0,66,2,4,1,6,5,0,0,56,246,267,1,Partner,0,-0.5249,-1.0475,-1.3258
4444,Graduate,30023.0,28,1,2,0,3,8,0,0,54,97,61,1,Partner,0,-2.2399,-0.8112,-1.5095
146,Postgraduate,76045.0,78,1,4,5,11,2,0,0,66,226,1323,0,Alone,3,2.9383,1.5009,0.6797
6271,Postgraduate,50870.0,13,1,2,0,3,5,0,0,74,10,63,1,Partner,0,-1.1833,-1.1858,0.7758
10065,Undergraduate,15315.0,27,2,2,0,4,5,0,0,56,330,64,0,Partner,0,-1.9029,-0.9579,-0.845
4741,Undergraduate,65463.0,17,2,6,2,9,5,0,0,52,150,562,1,Partner,0,0.3018,-1.2315,-0.2256
246,Graduate,66480.0,71,7,4,1,7,4,0,0,61,29,312,2,Partner,0,-0.5018,-1.3005,-0.1431
375,Graduate,76773.0,79,1,2,2,11,1,0,0,72,489,1156,0,Alone,3,2.3631,1.741,-1.4641
1524,Undergraduate,81698.0,1,1,8,2,5,5,0,1,43,485,1104,0,Alone,3,1.6186,2.4247,0.1146
10022,Postgraduate,54466.0,78,1,1,0,2,5,0,0,53,140,16,2,Alone,2,-1.7952,1.6463,0.7061
7451,Postgraduate,98777.0,23,0,4,6,9,1,0,0,66,132,2008,0,Alone,3,3.9617,1.4706,0.3177
11010,Postgraduate,16269.0,75,3,3,0,3,8,0,0,42,303,44,1,Alone,2,-2.4003,1.8161,1.0984
4356,Graduate,71819.0,70,3,3,3,5,6,0,0,55,305,1574,1,Partner,0,0.7331,-1.0575,-1.0483
3885,Postgraduate,33569.0,10,1,1,1,2,8,0,1,43,256,63,1,Partner,0,-1.8648,-0.3413,0.9864
1175,Postgraduate,36262.0,24,1,3,5,3,6,0,1,43,282,426,0,Partner,0,-0.0147,-0.3648,0.6907
880,Undergraduate,22634.0,47,1,2,1,2,8,0,0,60,529,96,0,Partner,0,-2.1111,-0.8049,-0.4628
2320,Undergraduate,47025.0,98,5,11,1,6,9,0,0,48,290,635,1,Partner,0,-0.6585,-1.2279,0.9211
850,Graduate,70566.0,4,2,6,5,9,3,0,0,58,266,757,1,Alone,3,1.6881,1.7635,-0.8347
4713,Postgraduate,31605.0,15,2,2,1,4,7,0,0,47,584,125,1,Partner,0,-1.6951,-0.9383,1.1471
675,Postgraduate,52034.0,67,5,4,2,5,7,0,0,53,408,332,2,Alone,2,-1.0338,1.6222,2.2945
5025,Graduate,48526.0,32,1,2,1,4,3,0,0,47,187,135,1,Alone,2,-0.8278,1.9563,-1.8262
2308,Graduate,46734.0,40,2,6,1,5,7,0,0,72,588,330,1,Partner,0,-0.5968,-0.9449,-0.2932
5995,Graduate,39552.0,54,7,6,2,5,8,0,1,64,558,384,2,Alone,2,-0.8683,2.2924,1.3339
6749,Graduate,86358.0,78,4,5,3,6,8,0,0,60,690,1722,2,Alone,2,0.9699,1.7042,0.3635
1010,Graduate,46931.0,94,2,1,1,3,3,0,0,49,66,78,3,Partner,0,-1.9865,-1.1002,-1.3953
8977,Undergraduate,16581.0,51,1,0,0,3,4,0,0,41,533,24,0,Alone,2,-2.0426,2.0339,-1.2607
4756,Undergraduate,63998.0,42,1,7,6,11,4,0,1,74,191,1168,0,Alone,3,2.7945,2.0763,0.2522
3412,Postgraduate,67381.0,67,4,2,2,9,7,0,0,75,530,957,1,Partner,1,0.5205,-1.3245,2.0328
606,Graduate,25930.0,87,1,1,0,2,7,0,0,59,262,15,2,Alone,2,-2.638,1.9846,-1.0268
5961,Graduate,42693.0,29,1,1,0,3,5,0,0,48,22,57,1,Partner,0,-1.7436,-0.8717,-2.0491
2975,Graduate,85606.0,89,2,6,7,9,3,0,0,50,594,1956,1,Partner,1,3.0656,-1.1686,-1.0526
2894,Graduate,72903.0,74,1,7,5,8,4,0,1,41,243,2013,0,Alone,3,3.1391,2.3801,-1.2941
7613,Undergraduate,49669.0,97,2,5,1,6,6,0,0,52,36,326,1,Partner,0,-0.9374,-1.2439,-0.5809
10542,Postgraduate,36778.0,63,3,3,0,3,9,0,0,58,693,77,2,Partner,0,-2.3598,-1.1154,2.0124
8015,Postgraduate,85696.0,88,1,4,6,9,1,0,1,64,422,1313,0,Alone,3,3.5345,2.0208,0.9327
10617,Postgraduate,10979.0,34,2,3,0,3,5,0,0,37,38,30,0,Alone,2,-1.792,1.8886,0.0909
11166,Graduate,49678.0,81,2,6,2,4,7,0,0,65,512,315,1,Partner,0,-0.6086,-1.0356,-0.7229
849,Postgraduate,56129.0,65,4,6,2,10,4,0,0,73,374,660,1,Partner,1,0.946,-1.4037,1.9549
523,Graduate,37155.0,51,1,2,0,4,5,0,0,37,514,74,1,Partner,0,-1.6243,-0.7336,-1.708
4066,Undergraduate,21282.0,76,2,2,1,2,6,0,0,48,49,46,1,Alone,2,-2.4082,1.8462,-0.7002
8414,Postgraduate,33419.0,76,2,2,0,4,7,0,0,64,316,86,1,Alone,2,-1.6479,1.7162,1.2361
819,Graduate,63285.0,84,1,6,5,13,3,0,0,81,236,1103,0,Alone,3,2.8515,1.6101,-1.0166
4961,Postgraduate,21255.0,56,4,2,1,4,4,0,0,52,159,61,1,Partner,0,-1.6482,-1.1555,0.8895
749,Graduate,42162.0,31,2,3,1,3,6,0,1,45,222,145,1,Partner,0,-1.1458,-0.2693,-1.0539
5430,Graduate,54450.0,0,12,9,2,8,8,0,0,70,653,684,2,Partner,0,-0.2561,-1.2993,2.3082
7755,Postgraduate,57744.0,91,2,9,1,4,8,0,0,72,229,411,1,Partner,0,-0.2613,-1.3232,1.7605
10525,Graduate,26576.0,40,1,1,0,2,9,0,1,40,624,27,1,Alone,2,-2.2657,2.7503,-0.8897
1453,Postgraduate,57513.0,59,2,9,3,13,6,0,0,83,358,1060,0,Alone,3,2.3942,1.4655,2.0856
8310,Graduate,68142.0,96,3,10,4,7,6,0,0,62,669,1459,1,Partner,1,1.7477,-1.1815,-0.1446
10710,Graduate,7500.0,61,1,1,0,2,8,0,0,47,669,18,1,Partner,0,-2.9062,-0.6875,-1.4153
5031,Graduate,83145.0,14,1,5,9,11,2,0,1,52,645,1833,0,Partner,1,4.2568,-0.507,-1.1108
2613,Postgraduate,54197.0,16,2,1,3,6,1,0,0,66,87,237,1,Partner,0,0.1421,-1.264,0.5454
213,Postgraduate,23091.0,98,4,2,1,3,7,0,0,63,32,48,2,Alone,2,-2.347,1.624,1.717
967,Graduate,46049.0,11,10,5,2,9,7,0,1,50,343,515,2,Partner,0,-0.4831,-0.6281,1.3398
1077,Graduate,56715.0,52,1,7,3,4,4,0,0,52,571,1020,0,Partner,0,1.0317,-0.8572,-1.3919
7959,Graduate,79410.0,19,1,3,2,5,1,0,0,65,31,1370,0,Partner,1,1.7412,-1.0909,-2.1769
640,Graduate,57304.0,61,2,7,6,10,5,0,0,75,475,1026,1,Partner,1,1.789,-1.1723,-0.3485
4252,Graduate,44375.0,73,1,4,1,6,5,0,0,61,98,301,1,Partner,0,-0.6234,-1.0397,-1.5117
8432,Graduate,54450.0,0,12,9,2,8,8,0,0,70,653,684,2,Partner,0,-0.2607,-1.3222,2.2646
6218,Graduate,59594.0,74,1,8,1,7,7,0,0,61,617,499,1,Partner,0,0.1587,-1.0189,-0.5858
6905,Graduate,80685.0,55,1,6,4,10,2,0,0,32,676,1004,0,Partner,1,2.3512,-0.9761,-1.9074
5922,Postgraduate,40344.0,48,2,4,1,5,7,0,0,52,259,218,1,Partner,0,-1.1556,-1.12,1.0574
3598,Graduate,62710.0,53,4,4,2,12,4,0,0,54,402,606,1,Partner,0,0.8353,-1.1598,-0.7481
6116,Undergraduate,48985.0,13,1,1,1,3,3,0,0,58,359,75,1,Partner,0,-1.3272,-1.0308,-0.8192
6263,Graduate,35322.0,34,3,2,0,4,8,0,0,58,676,106,3,Partner,0,-2.6644,-0.9477,0.0617
10486,Graduate,77142.0,54,1,4,4,8,2,0,0,78,396,990,0,Partner,1,2.167,-1.1811,-1.5213
2410,Graduate,81657.0,69,1,3,4,8,1,0,0,57,158,1097,0,Alone,3,2.2649,1.7563,-2.0227
193,Undergraduate,14421.0,81,1,1,0,2,5,0,0,30,132,16,0,Partner,0,-2.4855,-0.7997,-1.7711
3363,Undergraduate,20130.0,99,1,1,0,3,8,0,0,52,104,34,0,Partner,0,-2.4768,-0.9212,-1.1768
8278,Postgraduate,74214.0,3,1,8,2,5,5,0,0,36,672,1711,0,Partner,1,1.7948,-1.0187,0.8335
10660,Postgraduate,66726.0,61,3,8,2,4,7,0,0,69,168,438,2,Partner,0,-0.3294,-1.4306,2.0157
8686,Undergraduate,23724.0,65,2,2,0,3,8,0,0,47,537,75,1,Partner,0,-2.6545,-0.9325,-0.321
1604,Postgraduate,47353.0,93,3,2,2,6,5,0,0,66,228,225,1,Partner,0,-0.5966,-1.2662,1.1376
5907,Postgraduate,33444.0,24,1,1,0,2,8,0,0,74,603,18,2,Partner,0,-2.4557,-1.0442,1.753
10669,Graduate,54386.0,8,2,3,2,10,3,0,0,45,408,470,1,Partner,0,0.3567,-1.0344,-1.5001
2918,Graduate,28510.0,72,3,2,0,4,5,0,0,45,442,91,2,Alone,2,-2.085,1.9464,-0.8322
5735,Postgraduate,90638.0,29,1,3,4,10,1,0,0,35,136,2525,0,Alone,3,3.6341,1.5951,-0.1106
359,Graduate,48070.0,33,3,8,2,6,7,1,0,76,532,504,1,Partner,0,-0.1964,-0.9778,-0.2484
8387,Graduate,43140.0,68,1,4,1,5,6,0,0,69,540,235,1,Partner,0,-0.8101,-0.9803,-0.9658
1829,Postgraduate,54959.0,55,3,9,5,4,7,0,1,65,526,1232,1,Alone,3,1.4115,2.1923,2.7034
3839,Undergraduate,15056.0,76,5,2,2,3,5,0,0,68,422,88,2,Alone,2,-2.3552,1.6722,0.8029
9392,Graduate,26954.0,17,1,1,0,2,7,0,0,55,52,17,1,Alone,2,-2.3274,2.0336,-1.5918
2292,Graduate,22327.0,94,1,1,0,3,5,0,0,41,331,24,1,Alone,2,-2.0842,2.0774,-1.8307
10466,Graduate,44393.0,86,2,1,0,4,4,0,0,61,311,60,2,Partner,0,-1.7112,-1.0914,-1.2981
9855,Postgraduate,62000.0,25,1,6,6,13,4,0,0,74,308,1020,1,Alone,3,2.4161,1.3975,1.5475
4088,Postgraduate,31497.0,22,2,3,1,4,8,0,0,64,570,155,1,Partner,0,-1.5732,-1.009,1.617
5231,Undergraduate,45894.0,15,1,1,0,3,5,0,0,52,122,51,2,Partner,0,-2.2817,-1.0712,-0.6228
590,Postgraduate,78579.0,35,1,5,6,4,3,0,1,56,554,1812,0,Alone,3,2.9851,2.3032,1.2806
8732,Postgraduate,67369.0,81,4,7,4,10,4,0,1,57,589,1461,1,Alone,3,2.494,1.9858,2.3419
2315,Graduate,58401.0,55,1,1,2,2,4,0,0,66,70,96,1,Alone,2,-0.8411,1.8892,-1.6017
3515,Graduate,62307.0,94,1,4,0,4,5,0,0,74,132,160,1,Alone,2,-0.5294,1.7698,-1.1299
2245,Postgraduate,43641.0,50,3,2,1,4,6,0,0,57,433,139,2,Partner,0,-1.653,-1.1541,1.5965
6283,Postgraduate,63841.0,64,1,9,3,9,6,0,0,58,434,908,1,Alone,3,1.4096,1.5549,1.6635
2246,Undergraduate,46891.0,91,1,2,1,4,4,0,0,61,301,183,1,Partner,0,-1.1903,-1.1172,-0.7285
6606,Postgraduate,70091.0,11,2,5,2,10,8,0,0,57,455,1161,1,Partner,1,0.9036,-1.2252,1.6739
5545,Postgraduate,78075.0,72,1,3,5,5,1,0,0,54,85,988,0,Partner,1,1.8509,-1.2768,-0.1918
7342,Undergraduate,59184.0,6,3,6,6,12,5,0,0,65,658,1072,1,Alone,2,1.7132,1.5742,0.8521
837,Graduate,54809.0,0,4,2,1,5,4,0,0,49,291,174,2,Partner,0,-1.2185,-0.9824,-0.7599
9500,Graduate,58113.0,66,3,9,2,8,7,1,0,67,520,758,1,Partner,0,0.4343,-1.1151,-0.5043
3602,Postgraduate,51412.0,42,2,3,2,4,4,0,0,68,180,195,1,Partner,0,-0.494,-1.22,0.9774
234,Graduate,15287.0,60,2,1,1,2,7,0,1,47,627,31,1,Alone,2,-2.0394,2.7417,-0.6449
2995,Postgraduate,66636.0,64,1,3,4,9,1,0,0,69,316,1084,0,Partner,1,2.1806,-1.3096,0.4181
1118,Postgraduate,50965.0,87,3,10,4,5,8,0,0,70,494,685,1,Partner,1,0.4466,-1.2695,2.3307
7789,Postgraduate,84618.0,96,1,6,9,10,2,0,0,61,219,1672,0,Partner,1,3.8671,-1.4698,0.3964
3068,Graduate,18351.0,1,1,2,0,3,7,0,0,36,243,43,0,Partner,0,-2.1016,-0.5968,-2.0675
8955,Postgraduate,40451.0,54,1,1,1,2,5,0,0,69,133,49,2,Partner,0,-1.8737,-1.2315,0.8879
945,Graduate,36317.0,53,2,3,0,4,7,0,0,61,403,133,1,Partner,0,-1.6263,-0.861,-0.9213
5644,Graduate,42213.0,96,2,5,1,7,7,0,0,69,260,363,1,Partner,0,-0.62,-1.0947,-0.8324
7192,Graduate,65748.0,58,2,2,4,10,1,1,0,71,440,545,1,Partner,0,1.1207,-1.1705,-1.6712
2324,Graduate,77044.0,12,2,7,11,11,4,0,0,54,245,1065,1,Partner,1,2.95,-1.1888,-0.9403
697,Graduate,74918.0,78,1,5,9,6,3,0,0,57,474,2047,0,Partner,1,3.201,-1.0309,-1.6158
3439,Graduate,56721.0,64,5,4,1,5,6,0,0,54,606,296,2,Partner,0,-1.1039,-1.051,-0.0466
1506,Graduate,42160.0,26,4,2,1,4,6,0,1,51,366,140,2,Alone,2,-1.4074,2.477,-0.0112
232,Graduate,61559.0,8,1,4,2,10,3,0,0,61,347,530,1,Alone,2,0.9092,1.8315,-1.0287
8876,Postgraduate,33629.0,49,5,3,1,4,9,0,0,63,690,152,2,Partner,0,-2.1375,-1.1734,2.5416
4500,Postgraduate,68682.0,56,1,4,9,10,2,0,0,35,266,1598,0,Partner,1,3.0917,-1.2349,-0.086
9739,Graduate,34377.0,55,2,2,2,2,7,0,0,63,526,114,1,Alone,2,-1.6109,1.9864,-0.858
10395,Undergraduate,8940.0,25,3,3,1,3,8,0,0,40,676,101,1,Alone,2,-2.6729,2.0038,0.1498
1176,Graduate,26228.0,50,1,1,0,2,8,0,0,53,280,25,1,Partner,0,-2.5274,-0.7357,-1.4675
1627,Undergraduate,77297.0,84,1,5,7,9,4,0,0,69,519,789,0,Alone,3,2.1579,1.6177,-0.1858
938,Graduate,40211.0,30,2,2,1,2,8,0,0,45,334,87,2,Partner,0,-2.4231,-0.8036,-0.9383
2740,Postgraduate,33438.0,81,4,2,1,4,5,0,0,68,280,90,2,Alone,2,-1.6388,1.5815,1.8672
257,Postgraduate,75032.0,74,2,5,4,9,3,0,0,67,427,1215,1,Partner,1,1.9745,-1.3692,1.3405
4058,Postgraduate,61284.0,76,1,11,2,8,6,0,0,71,260,811,0,Alone,3,1.6796,1.5482,1.5773
7736,Graduate,22518.0,36,2,2,1,2,5,0,1,40,615,61,1,Partner,0,-1.6655,-0.1832,-1.1166
8210,Postgraduate,54730.0,64,5,4,1,8,4,0,0,51,318,405,1,Partner,0,-0.077,-1.3353,1.3746
833,Postgraduate,38452.0,62,3,3,0,3,7,0,0,71,91,72,2,Partner,0,-2.0431,-1.2396,1.7108
6230,Graduate,44421.0,53,5,5,0,4,8,0,0,55,499,189,2,Alone,2,-1.7828,1.8466,0.2667
7325,Postgraduate,38197.0,86,1,1,0,3,5,0,0,40,365,40,1,Partner,0,-1.774,-1.0305,0.1916
1307,Graduate,41986.0,15,3,3,0,4,4,0,0,48,140,63,1,Alone,2,-1.2537,1.9666,-1.2274
1502,Graduate,28427.0,67,2,2,0,3,8,0,0,43,465,52,1,Partner,0,-2.3338,-0.736,-1.2567
6211,Postgraduate,37395.0,47,1,1,0,3,6,0,0,50,58,39,1,Partner,0,-1.897,-1.0627,0.302
843,Graduate,64722.0,47,4,8,2,11,6,0,0,55,34,805,1,Partner,0,0.9792,-1.2071,-0.519
4174,Postgraduate,55249.0,81,1,2,1,4,3,0,0,70,73,130,1,Partner,0,-0.5369,-1.2757,0.4889
9757,Graduate,84906.0,98,1,5,6,12,2,0,0,54,268,1631,0,Partner,1,3.4218,-1.2617,-1.9967
6918,Graduate,28691.0,56,1,1,0,3,8,0,0,37,360,34,1,Partner,0,-2.4828,-0.7273,-1.777
286,Graduate,44213.0,48,4,2,1,5,6,0,0,74,212,152,2,Alone,2,-1.4344,1.7686,-0.0996
11086,Undergraduate,25707.0,18,1,1,0,3,7,0,0,42,162,21,1,Alone,2,-2.6027,1.9294,-0.8516
1921,Postgraduate,59062.0,74,2,2,0,3,4,0,0,59,269,71,3,Partner,0,-1.7264,-1.2951,1.4021
4138,Graduate,76624.0,68,1,5,10,7,1,0,0,64,36,899,1,Alone,3,2.5971,1.599,-1.5773
7718,Postgraduate,66000.0,36,1,1,3,5,1,0,0,79,70,711,0,Partner,1,1.1235,-1.3015,0.1488
1291,Postgraduate,27683.0,90,4,6,2,4,8,0,0,48,694,351,1,Partner,0,-1.2426,-1.0504,1.9233
6862,Graduate,1730.0,65,15,0,0,0,20,0,0,55,42,8,0,Alone,0,-5.0393,2.0297,1.61
4136,Undergraduate,7500.0,63,4,3,2,2,9,0,0,34,573,119,1,Alone,2,-2.8915,2.0224,0.213
803,Graduate,40521.0,82,1,0,1,2,5,0,0,58,450,21,2,Partner,0,-2.0936,-0.8895,-1.3023
4298,Postgraduate,20427.0,63,1,1,0,2,8,0,0,53,97,10,1,Partner,0,-2.613,-0.9905,0.5391
10833,Graduate,65106.0,55,3,8,3,13,6,0,0,51,36,973,1,Partner,1,1.4685,-1.295,-0.8983
9606,Postgraduate,69969.0,64,1,4,2,6,3,0,1,61,306,1536,0,Partner,1,2.0673,-0.709,0.7609
8534,Graduate,67433.0,51,4,6,5,13,4,0,0,74,348,992,2,Partner,1,1.7264,-1.4242,0.0185
5153,Postgraduate,77766.0,97,2,11,10,11,6,0,1,59,492,1529,1,Partner,1,3.8123,-0.9324,2.2705
961,Graduate,74716.0,92,2,7,3,5,4,0,0,54,290,860,1,Partner,0,0.9507,-1.0987,-1.1443
5011,Graduate,68118.0,51,2,8,9,4,6,0,0,63,254,928,1,Alone,3,1.574,1.7483,-0.5872
6653,Postgraduate,55158.0,72,4,7,2,5,7,0,1,56,699,418,2,Partner,0,-0.2454,-0.7164,2.7642
9094,Undergraduate,62972.0,39,2,7,4,3,6,0,1,71,695,587,1,Partner,0,0.4269,-0.6132,0.9218
810,Graduate,74190.0,49,2,4,2,11,2,0,0,51,48,641,1,Partner,0,1.2347,-1.1768,-1.6166
5493,Graduate,39356.0,21,1,1,0,2,6,0,0,50,102,23,2,Partner,0,-2.4282,-0.881,-1.5266
2147,Graduate,76653.0,91,1,4,7,11,2,0,0,57,317,2279,0,Partner,1,3.7118,-1.1704,-1.8579
5107,Postgraduate,35860.0,37,2,1,1,2,5,0,0,53,41,49,2,Alone,2,-2.0507,1.714,0.9531
3979,Postgraduate,90687.0,98,1,6,2,8,2,0,1,43,403,1779,0,Alone,3,3.2,2.1419,0.8051
6049,Postgraduate,73450.0,85,1,7,8,11,3,0,0,44,206,1804,0,Partner,1,3.538,-1.3654,0.2987
8147,Graduate,31454.0,40,3,2,0,3,8,0,0,66,358,48,2,Partner,0,-2.5218,-0.9686,-0.4453
1857,Graduate,47139.0,2,2,2,1,2,7,0,1,74,115,83,2,Alone,2,-1.5019,2.4458,-0.0641
3910,Graduate,83829.0,78,0,4,7,6,1,0,1,51,264,1862,0,Alone,3,3.5275,2.3454,-1.8331
5207,Postgraduate,53378.0,41,10,9,4,6,8,0,1,63,643,793,2,Partner,0,0.3001,-0.8879,4.3003
11114,Graduate,19656.0,94,3,2,1,3,7,0,0,56,506,84,1,Partner,0,-2.1459,-0.9118,-1.0797
5429,Postgraduate,45579.0,10,1,4,1,4,6,0,0,78,313,183,1,Partner,0,-0.7961,-1.1564,1.3886
9400,Undergraduate,85485.0,73,1,6,6,6,2,0,0,68,8,1383,0,Alone,3,2.5412,1.4712,-0.8669
1740,Graduate,55956.0,22,2,7,3,4,4,0,0,82,83,999,0,Partner,0,1.1263,-1.0666,-1.0078
7488,Postgraduate,64191.0,30,3,5,3,13,3,0,0,63,523,825,1,Alone,3,1.8147,1.4604,1.7524
195,Graduate,38808.0,21,4,5,1,4,8,0,1,54,672,246,1,Alone,2,-0.9181,2.6078,0.4198
635,Postgraduate,57183.0,51,8,9,1,7,8,0,0,60,467,610,2,Partner,0,-0.4023,-1.3925,3.4109
7527,Postgraduate,23748.0,97,3,2,1,3,8,0,0,58,585,76,1,Alone,2,-1.996,1.7973,1.5702
10319,Graduate,66303.0,56,4,3,4,11,8,0,0,55,488,1286,1,Partner,0,0.9538,-1.1415,-0.4888
2296,Postgraduate,37368.0,4,1,1,0,2,6,0,0,51,195,30,1,Partner,0,-1.9807,-0.9483,0.5632
10637,Graduate,40800.0,77,2,3,0,3,7,1,0,62,544,99,3,Partner,0,-2.6033,-1.0193,-0.7231
2931,Graduate,71847.0,95,0,6,7,9,3,0,0,48,646,1192,0,Alone,3,2.7422,1.8576,-1.6011
907,Graduate,46149.0,36,5,5,1,7,5,0,0,51,212,362,1,Partner,0,-0.5226,-1.0376,-0.6465
3698,Graduate,78687.0,13,1,4,6,8,2,0,1,43,689,2130,0,Partner,1,3.4615,-0.3669,-1.3417
9516,Undergraduate,49118.0,90,2,9,7,10,7,0,1,55,680,1229,0,Alone,3,2.2429,2.198,0.7229
679,Postgraduate,37633.0,49,2,1,0,3,9,0,0,69,647,38,2,Partner,0,-2.4363,-1.0354,2.0137
7384,Postgraduate,39767.0,18,2,7,1,7,8,0,0,75,343,485,0,Partner,0,-0.0029,-1.1643,1.6411
5043,Undergraduate,26997.0,89,2,4,2,5,7,0,0,75,601,434,0,Partner,0,-0.8567,-1.0586,0.0492
5267,Graduate,33986.0,43,1,1,0,3,7,0,0,56,472,44,1,Alone,2,-1.9607,2.0817,-1.1861
339,Postgraduate,57091.0,82,2,9,2,5,7,0,1,54,583,496,1,Partner,0,0.4624,-0.6045,2.1625
2516,Undergraduate,46831.0,84,2,1,2,2,4,0,0,57,386,78,2,Partner,0,-1.8836,-1.1292,-0.3314
9010,Postgraduate,83151.0,80,1,5,7,10,2,0,1,54,504,2346,0,Partner,1,4.3116,-0.814,0.8501
378,Graduate,52531.0,68,2,7,2,10,6,0,0,55,546,794,0,Partner,0,1.0441,-0.9652,-0.9109
4808,Graduate,15759.0,12,1,1,0,2,7,0,0,70,297,17,0,Partner,0,-2.099,-0.7179,-1.5248
5068,Graduate,22804.0,75,1,2,0,2,9,0,0,55,333,26,1,Alone,2,-2.5206,2.0852,-1.1546
7628,Undergraduate,43050.0,10,2,2,0,4,5,0,0,53,103,76,1,Partner,0,-1.7676,-1.0708,-0.6911
7128,Postgraduate,42997.0,91,1,1,0,2,7,0,0,49,204,15,2,Alone,2,-2.316,1.7347,0.8739
2811,Postgraduate,48918.0,21,2,1,0,4,4,0,0,63,78,62,2,Alone,2,-1.4588,1.6462,1.1951
3551,Postgraduate,60033.0,28,2,2,1,5,2,0,0,72,92,198,1,Partner,0,-0.1522,-1.2848,0.7771
1663,Postgraduate,34043.0,97,1,2,0,2,9,0,0,48,247,49,1,Partner,0,-2.3565,-0.9793,0.7122
5543,Graduate,57811.0,49,5,7,2,11,5,0,0,60,370,802,1,Partner,1,0.9341,-1.2173,-0.194
1577,Graduate,78569.0,14,1,4,6,4,1,0,1,80,130,1736,0,Partner,1,3.0495,-0.5493,-1.265
10641,Graduate,7500.0,5,4,2,1,3,6,0,0,48,549,57,2,Alone,2,-2.6481,2.0091,-0.4162
5336,Postgraduate,157733.0,37,0,1,0,1,1,0,0,55,390,59,1,Partner,1,1.1332,-1.247,0.0866
6024,Graduate,94384.0,62,0,5,8,5,2,0,1,73,482,2302,0,Partner,1,4.1822,-0.5774,-1.2443
1878,Undergraduate,23148.0,83,1,2,0,3,7,0,0,41,131,37,0,Partner,0,-2.2634,-0.8742,-1.3173
3099,Graduate,44267.0,48,5,5,2,4,9,0,0,56,489,310,2,Alone,2,-1.5399,1.8721,0.4192
6055,Graduate,71626.0,94,1,5,5,8,3,0,0,47,605,1305,0,Partner,1,2.182,-1.0185,-1.7758
5841,Graduate,60894.0,61,5,10,3,8,7,0,0,60,366,832,1,Partner,1,0.8365,-1.1952,0.1249
3972,Graduate,50200.0,70,6,7,1,5,8,0,0,50,452,401,2,Partner,0,-1.2287,-1.0881,0.319
4394,Postgraduate,81051.0,43,1,5,5,12,2,0,0,61,37,1501,0,Partner,1,3.2119,-1.4137,0.3627
5758,Graduate,65169.0,23,1,10,4,13,6,0,1,44,166,1189,0,Partner,1,2.7391,-0.5353,-0.9327
6658,Graduate,59868.0,37,7,11,2,12,6,0,0,54,342,1194,1,Partner,1,1.5172,-1.2941,0.4707
4603,Postgraduate,65695.0,50,2,5,4,10,4,0,0,66,149,656,1,Partner,1,1.2824,-1.4023,1.1603
8427,Postgraduate,64857.0,78,1,7,5,10,4,0,0,70,583,1540,0,Alone,3,2.8672,1.5217,1.3311
10260,Postgraduate,45143.0,74,3,6,1,5,7,0,0,61,307,311,1,Partner,0,-0.7503,-1.2634,1.4941
7143,Undergraduate,74805.0,14,5,4,7,10,2,0,0,71,235,820,1,Partner,1,1.774,-1.4692,0.3248
8789,Undergraduate,59060.0,77,3,3,1,7,4,0,0,37,169,274,1,Partner,0,-0.7333,-1.2115,-0.8538
6197,Postgraduate,27238.0,39,3,3,0,3,9,0,0,64,435,57,2,Alone,2,-2.4646,1.7529,2.1869
4554,Graduate,47009.0,89,4,3,2,8,4,0,0,61,271,448,1,Partner,0,-0.1253,-1.1477,-0.9758
4937,Undergraduate,46094.0,62,1,1,0,3,7,0,0,53,19,44,2,Partner,0,-2.5636,-1.1123,-0.6069
1920,Graduate,40321.0,59,2,3,0,3,7,0,0,54,335,102,2,Partner,0,-2.1276,-0.916,-0.8305
8749,Graduate,37235.0,68,1,1,1,2,4,0,0,42,148,61,1,Partner,0,-1.7217,-0.8796,-2.2856
1650,Postgraduate,81843.0,13,1,5,9,12,3,0,0,66,433,1643,0,Partner,1,3.8741,-1.3183,0.9785
10377,Postgraduate,46692.0,37,3,6,1,5,6,0,0,68,388,397,1,Partner,0,-0.4471,-1.2577,1.6833
9206,Graduate,77382.0,36,2,5,7,12,1,0,0,58,173,1121,1,Partner,1,2.7739,-1.3164,-1.4644
10971,Graduate,37774.0,28,4,7,2,3,9,1,1,49,664,473,2,Alone,2,-1.3155,2.518,0.316
6398,Undergraduate,18393.0,2,2,3,0,3,8,0,0,52,92,50,1,Partner,0,-2.717,-0.9526,-0.37
9212,Postgraduate,72828.0,17,6,6,3,13,7,0,0,64,500,1678,1,Partner,1,1.9896,-1.4598,2.5857
7937,Graduate,24711.0,86,1,3,0,3,7,0,0,44,72,58,0,Partner,0,-1.8352,-0.8116,-2.2268
839,Postgraduate,45503.0,54,1,3,1,4,5,0,0,51,277,170,1,Partner,0,-0.9923,-1.0682,0.6596
4246,Postgraduate,6560.0,2,0,1,0,1,17,0,0,44,199,373,0,Alone,0,-3.5142,2.2595,1.0255
158,Postgraduate,71604.0,3,1,8,3,5,4,0,1,81,224,1196,0,Partner,1,2.2938,-0.684,1.6974
4832,Graduate,27244.0,84,2,2,2,2,7,0,0,47,114,101,1,Partner,0,-2.0551,-0.8696,-1.6747
5621,Graduate,48752.0,8,5,6,1,5,9,0,1,57,564,316,2,Partner,0,-1.0893,-0.4397,0.8575
1945,Graduate,71434.0,4,3,7,4,7,4,0,0,64,284,1400,1,Partner,1,1.704,-1.1196,-0.5643
5147,Graduate,90842.0,57,1,4,9,13,1,0,0,78,335,1424,0,Alone,3,4.2686,1.5486,-1.3206
2535,Postgraduate,88097.0,24,1,6,5,8,9,0,1,48,680,844,1,Partner,1,1.5459,-0.5632,2.0467
11039,Graduate,51948.0,51,2,5,2,4,5,0,0,51,285,311,1,Partner,0,-0.5488,-1.0118,-1.371
9495,Graduate,71853.0,29,1,2,8,6,1,0,0,44,417,1149,0,Partner,1,2.172,-0.9786,-2.367
9635,Postgraduate,35876.0,13,1,3,1,3,6,0,0,43,70,129,0,Partner,0,-1.2122,-0.9802,0.0277
2173,Graduate,40049.0,23,1,1,0,3,6,0,0,74,256,32,1,Alone,2,-1.5966,1.986,-1.0318
942,Graduate,39660.0,36,3,7,1,3,9,0,1,44,690,299,1,Alone,2,-0.9615,2.6625,0.2469
9386,Graduate,50127.0,88,1,5,1,6,6,0,0,64,31,320,1,Partner,0,-0.5254,-1.1262,-1.4497
5510,Postgraduate,43263.0,2,3,5,2,6,5,0,0,49,585,441,1,Partner,0,-0.3057,-1.0901,1.4858
873,Postgraduate,62845.0,3,11,3,4,10,8,0,1,77,636,1178,2,Partner,0,0.736,-0.9243,4.507
2253,Graduate,18929.0,15,1,1,0,4,6,0,0,36,498,85,0,Partner,0,-1.8596,-0.5808,-2.0121
5181,Undergraduate,24367.0,58,1,1,0,2,9,0,0,44,466,24,1,Alone,2,-2.9339,2.0309,-0.3927
979,Graduate,33249.0,11,2,2,1,3,6,0,0,51,494,112,1,Alone,2,-1.6158,2.1188,-0.9625
10390,Undergraduate,26887.0,27,1,1,0,3,6,0,0,67,504,30,1,Partner,0,-2.2606,-0.995,-0.3567
4698,Postgraduate,50150.0,32,2,5,2,7,5,0,0,43,374,410,0,Partner,0,0.2462,-1.0699,0.6538
7793,Graduate,62061.0,12,3,10,4,7,6,0,0,50,302,800,1,Partner,0,0.968,-1.0882,-0.5242
1745,Postgraduate,85696.0,88,1,4,6,9,1,0,1,64,422,1313,0,Alone,3,3.5443,2.0687,1.0237
10590,Postgraduate,76542.0,91,1,4,8,10,2,0,0,70,456,1483,0,Partner,1,3.3381,-1.4337,0.5789
5080,Graduate,70515.0,12,1,6,6,4,2,0,1,33,251,1258,0,Alone,3,2.3106,2.5212,-1.6945
8369,Graduate,18227.0,21,1,0,1,2,8,0,0,39,598,28,1,Partner,0,-2.7156,-0.6231,-1.5875
5232,Graduate,69139.0,23,1,4,1,5,4,0,0,61,153,227,1,Partner,0,-0.1497,-1.0272,-1.4787
2407,Graduate,69109.0,10,1,6,6,7,4,0,1,44,597,1555,0,Partner,1,2.6421,-0.3235,-1.0818
3834,Graduate,69627.0,35,2,8,2,11,5,0,0,64,469,861,1,Alone,3,1.5638,1.7136,-0.2768
7912,Graduate,38136.0,69,2,3,1,2,8,0,0,48,433,103,1,Partner,0,-1.9505,-0.8317,-1.2266
7712,Postgraduate,62159.0,68,1,6,2,10,4,0,0,80,62,634,0,Alone,2,1.6077,1.444,1.0123
1065,Graduate,80695.0,85,1,5,8,5,2,0,0,63,182,1918,0,Alone,3,3.1915,1.7427,-1.7047
7275,Postgraduate,33316.0,34,3,2,1,4,6,0,0,55,268,131,2,Alone,2,-1.8287,1.6856,1.5471
1343,Graduate,58554.0,55,6,8,2,6,7,0,0,58,641,586,2,Partner,0,-0.3288,-1.1161,0.7124
1384,Undergraduate,17256.0,10,2,2,1,2,8,0,0,34,218,62,1,Partner,0,-2.9229,-0.8014,-0.644
9967,Graduate,53034.0,30,8,6,1,7,8,0,0,52,395,447,2,Alone,2,-0.9843,1.6779,0.8051
6181,Undergraduate,52203.0,36,1,8,7,11,6,0,0,76,698,939,0,Partner,1,2.0069,-1.2169,0.3997
10507,Undergraduate,59601.0,14,4,2,2,7,8,0,0,49,339,797,1,Alone,2,-0.6472,1.7232,0.2646
2674,Postgraduate,75154.0,79,1,6,3,6,3,0,1,68,663,1143,1,Alone,3,2.0668,2.1325,1.9098
2698,Graduate,47025.0,52,3,6,3,5,6,0,0,50,234,415,1,Alone,2,-0.2988,1.8761,-0.7749
3231,Graduate,37971.0,97,1,1,0,3,8,0,0,53,216,30,1,Partner,0,-2.1859,-0.8524,-1.6253
4096,Postgraduate,41335.0,24,3,4,1,4,7,0,0,58,185,187,1,Alone,2,-1.1762,1.7378,1.5201
10476,Graduate,67267.0,0,1,3,2,5,2,0,0,68,47,251,1,Partner,0,0.174,-1.1136,-1.7224
5948,Graduate,57338.0,96,2,4,1,5,5,0,0,51,61,237,1,Alone,2,-0.5578,1.792,-1.4634
9140,Undergraduate,50523.0,89,2,2,0,4,6,0,0,66,186,91,2,Partner,0,-1.9936,-1.27,-0.1411
10258,Postgraduate,35791.0,94,2,1,0,3,8,0,0,61,419,35,3,Alone,2,-2.7415,1.6195,1.8471
5675,Postgraduate,50611.0,98,6,4,5,7,6,0,0,66,633,493,1,Alone,2,0.3213,1.5179,2.3999
4743,Postgraduate,56242.0,72,5,8,4,11,6,0,0,57,483,971,1,Partner,1,1.3483,-1.4023,2.2117
8805,Graduate,48904.0,1,4,7,2,4,8,0,0,66,574,371,1,Alone,2,-0.5727,1.8979,0.253
1542,Graduate,56243.0,26,6,4,2,8,5,0,0,51,181,396,3,Alone,2,-0.8299,1.6377,0.2892
6770,Graduate,21355.0,5,2,2,1,2,6,0,1,41,313,68,1,Partner,0,-1.8634,-0.1866,-1.1902
8773,Postgraduate,57420.0,22,3,5,1,6,7,0,0,55,369,322,1,Partner,0,-0.5138,-1.1904,1.5068
10475,Postgraduate,51381.5,39,2,4,2,6,5,0,0,56,454,317,1,Partner,0,-0.2717,-1.2001,1.0971
10420,Postgraduate,46390.0,56,1,4,2,3,7,0,0,71,55,222,1,Alone,2,-0.8801,1.626,1.1115
7514,Undergraduate,54342.0,74,4,3,1,4,6,0,0,70,361,177,2,Partner,0,-1.6155,-1.2964,0.5833
2902,Graduate,51381.5,87,1,1,0,3,5,0,0,68,664,45,2,Partner,0,-1.6653,-0.9543,-0.8695
4345,Undergraduate,51381.5,49,1,1,0,2,7,0,0,62,168,21,2,Alone,2,-2.3947,1.7692,-0.1197
793,Graduate,20895.0,24,1,2,0,3,9,0,0,53,631,45,1,Partner,0,-2.4795,-0.6423,-0.9264
10909,Graduate,92344.0,9,0,5,10,5,1,0,0,78,165,1899,0,Partner,1,3.8751,-1.2061,-1.8708
3769,Postgraduate,51381.5,17,1,1,0,3,7,0,0,54,119,42,1,Partner,0,-1.7002,-1.0284,0.6186
8702,Undergraduate,26907.0,10,2,1,0,3,7,0,0,50,313,22,2,Partner,0,-2.9804,-1.0056,-0.1839
4791,Graduate,44964.0,35,1,1,0,3,8,0,0,46,560,41,2,Partner,0,-2.4081,-0.7858,-1.0322
2963,Graduate,75507.0,56,1,8,6,6,3,0,0,47,58,1440,0,Partner,1,2.4739,-1.0697,-1.9242
8216,Postgraduate,53761.0,7,6,4,4,3,5,0,0,54,261,325,2,Partner,0,-0.8396,-1.3019,1.993
8140,Graduate,22682.0,51,3,2,1,4,4,0,0,53,269,95,1,Partner,0,-1.6171,-0.9439,-1.4527
10146,Postgraduate,38887.0,17,1,1,0,3,7,0,0,54,119,42,1,Partner,0,-1.9626,-1.0537,0.5223
5289,Undergraduate,41658.0,30,2,1,1,2,4,0,0,51,597,72,2,Alone,2,-2.0564,1.851,-0.0213
2587,Postgraduate,29791.0,21,2,2,0,3,5,0,0,54,45,20,1,Partner,0,-1.8287,-1.0608,0.6417
4405,Postgraduate,63915.0,2,2,6,3,12,5,0,0,70,334,789,2,Partner,1,1.0923,-1.4213,2.0281
8663,Graduate,39996.0,85,1,1,0,2,6,0,0,52,38,15,2,Alone,2,-2.3283,1.8702,-1.547
2589,Graduate,26759.0,65,2,2,1,3,6,0,0,54,142,59,1,Alone,2,-1.8268,1.9838,-1.3429
3421,Postgraduate,63841.0,64,1,9,3,9,6,0,0,58,434,908,1,Alone,3,1.414,1.5768,1.705
10490,Postgraduate,51039.0,11,2,6,2,4,7,0,0,57,566,417,2,Partner,0,-0.8528,-1.1783,1.8899
4094,Graduate,60544.0,92,4,5,1,5,6,0,0,65,673,289,2,Partner,0,-0.7975,-1.1125,0.0461
9958,Graduate,65685.0,54,1,9,2,9,5,0,0,54,92,769,1,Partner,0,1.0662,-1.1921,-1.2352
2534,Graduate,37716.0,4,2,4,1,3,7,0,0,73,69,188,1,Partner,0,-1.3965,-0.9358,-0.8453
4188,Graduate,36864.0,53,3,5,2,4,8,0,1,69,685,354,1,Alone,2,-0.5824,2.5041,0.407
6613,Postgraduate,44511.0,39,6,8,4,8,8,0,0,56,625,727,1,Partner,0,0.2923,-1.2673,2.6484
10827,Postgraduate,36947.0,49,4,3,0,4,9,0,0,59,691,146,2,Partner,0,-2.2165,-1.1489,2.2582
5491,Postgraduate,47352.0,70,4,6,1,5,7,0,0,75,444,319,1,Partner,0,-0.5865,-1.2818,2.1372
8402,Postgraduate,67087.0,40,2,7,5,8,4,0,0,73,194,794,1,Partner,1,1.5803,-1.4381,1.4144
8783,Graduate,57045.0,40,3,4,2,9,3,0,0,76,659,454,1,Partner,0,0.6514,-1.1552,-0.4961
10010,Postgraduate,36957.0,43,4,3,2,2,9,0,1,73,661,152,2,Alone,2,-1.6009,2.2382,3.0352
618,Postgraduate,69389.0,17,1,7,2,12,4,0,0,49,639,797,1,Partner,1,1.5965,-1.2048,1.4002
9121,Graduate,80134.0,40,2,5,3,6,6,0,1,54,405,1690,1,Partner,1,1.6928,-0.5214,-0.6115
361,Postgraduate,43142.0,84,1,1,0,2,7,0,0,57,131,20,2,Partner,0,-2.3383,-1.1175,0.9024
4310,Graduate,80589.0,25,1,5,10,5,1,0,1,82,158,1428,0,Partner,1,3.6501,-0.6351,-1.1862
2678,Graduate,34412.0,62,3,5,0,3,9,0,0,36,501,209,1,Alone,2,-1.9308,2.1069,-0.6829
6376,Graduate,57537.0,83,4,4,3,8,4,0,0,47,384,545,1,Alone,2,0.3924,1.7505,-0.9046
524,Undergraduate,22634.0,47,1,2,1,2,8,0,0,60,529,96,0,Partner,0,-2.1105,-0.8022,-0.4577
10341,Graduate,51315.0,45,1,2,2,5,2,0,0,78,126,222,0,Partner,0,0.2012,-1.0784,-1.9642
5654,Graduate,36026.0,34,2,2,0,3,6,0,0,54,105,61,3,Partner,0,-2.6271,-1.0243,-0.8721
4098,Graduate,24639.0,3,3,2,0,4,6,0,0,53,152,44,2,Partner,0,-2.414,-0.9184,-0.8923
5824,Postgraduate,34578.0,1,1,1,0,2,6,0,0,54,79,8,3,Partner,0,-2.7999,-1.1349,1.1257
7000,Undergraduate,65704.0,18,1,2,10,10,1,0,0,54,259,817,0,Alone,3,2.4125,1.6327,-1.1218
2561,Graduate,63810.0,45,4,4,3,12,8,0,0,60,595,1371,1,Alone,2,1.2054,1.7751,0.1044
5229,Postgraduate,54132.0,81,1,1,0,3,7,0,0,57,133,42,1,Partner,0,-1.6195,-1.1221,0.5364
4086,Graduate,18690.0,77,1,1,1,2,8,0,0,67,548,60,0,Partner,0,-1.9822,-0.7185,-1.4012
2428,Graduate,28164.0,23,3,2,0,4,7,0,0,56,421,78,1,Partner,0,-2.0052,-0.8134,-0.8581
8254,Postgraduate,34596.0,48,1,1,0,2,8,0,0,52,442,23,1,Partner,0,-2.2701,-0.9627,0.7923
2836,Postgraduate,43269.0,61,1,1,0,2,8,0,0,54,286,19,1,Partner,0,-2.1007,-0.9887,0.7516
8418,Undergraduate,38741.0,60,2,2,0,3,7,0,0,68,91,61,2,Alone,2,-2.4114,1.6595,0.1232
1362,Graduate,31907.0,75,1,6,1,6,7,0,0,54,482,449,0,Alone,2,-0.359,2.0431,-1.1002
7152,Postgraduate,27100.0,64,1,1,0,3,7,0,0,43,450,37,1,Partner,0,-2.2316,-0.9512,0.5413
10033,Undergraduate,31163.0,54,1,1,0,3,6,0,0,53,136,38,1,Alone,2,-2.2562,1.8239,-0.8104
9349,Graduate,92533.0,84,1,6,5,11,2,0,0,41,192,1131,0,Partner,1,2.925,-1.2001,-2.222
274,Graduate,34853.0,75,2,2,0,3,6,0,0,53,188,34,2,Alone,2,-2.1909,1.9274,-0.9795
3388,Graduate,70844.0,16,5,6,1,5,7,0,0,59,242,294,2,Alone,2,-0.6899,1.7434,0.2553
922,Undergraduate,31086.0,79,2,1,1,2,8,0,0,47,421,48,2,Partner,0,-2.9805,-0.9683,-0.1069
8588,Graduate,60544.0,92,4,5,1,5,6,0,0,65,673,289,2,Partner,0,-0.8045,-1.1469,-0.0191
2518,Undergraduate,20491.0,16,1,0,1,2,7,0,0,40,520,30,0,Partner,0,-2.4343,-0.6933,-1.0535
574,Graduate,42523.0,96,1,1,1,4,2,0,0,62,67,125,0,Partner,0,-0.5297,-0.9519,-2.3772
3220,Graduate,39922.0,30,2,3,0,4,8,0,0,43,500,156,1,Partner,0,-1.8069,-0.7541,-1.0745
5967,Graduate,33402.0,60,3,2,1,3,8,0,0,74,346,70,2,Partner,0,-2.2587,-1.0178,-0.3149
1183,Postgraduate,36408.0,11,1,1,0,2,6,0,0,77,281,22,2,Partner,0,-2.1468,-1.1028,1.4543
6856,Graduate,21645.0,75,3,3,0,3,9,0,1,47,664,65,1,Partner,0,-2.1154,-0.2206,-0.3744
4530,Postgraduate,78427.0,36,3,3,7,10,3,0,1,78,613,1930,0,Alone,3,3.8211,2.0576,2.013
1553,Graduate,82657.0,71,1,7,5,10,4,0,0,80,275,2283,0,Partner,1,3.6485,-1.2311,-1.0144
4682,Graduate,51876.0,88,1,2,2,8,1,0,0,68,257,310,0,Partner,0,0.7086,-1.0838,-2.0762
8204,Undergraduate,78041.0,93,1,4,4,9,2,0,0,55,560,1319,0,Partner,1,2.1115,-1.2525,-0.9346
5221,Graduate,52852.0,93,4,10,7,5,8,0,0,69,575,879,1,Partner,1,0.935,-1.1407,0.2546
1232,Postgraduate,70038.0,54,1,4,4,8,2,0,0,44,247,1244,0,Partner,1,2.0007,-1.183,0.0851
1927,Undergraduate,69401.0,41,4,4,4,5,2,0,0,53,98,690,1,Partner,0,0.4422,-1.2718,-0.3863
5788,Graduate,46053.0,46,3,3,2,4,5,0,0,54,497,209,1,Partner,0,-0.9045,-0.9285,-1.0221
6652,Graduate,77343.0,28,1,3,4,9,1,0,0,61,20,1134,0,Partner,1,2.2296,-1.1492,-2.1975
6246,Graduate,73892.0,40,1,3,11,8,1,0,1,73,228,1507,0,Alone,3,3.8897,2.2243,-1.2827
5975,Postgraduate,40304.0,82,1,2,0,3,7,0,0,59,272,57,1,Alone,2,-1.6566,1.7687,0.9262
6875,Postgraduate,32727.0,38,2,7,3,5,8,0,0,61,670,529,0,Partner,0,-0.119,-1.0274,1.5794
4399,Graduate,68695.0,3,1,4,4,7,2,0,0,57,4,1091,0,Partner,1,1.7231,-1.0365,-2.0787
4042,Graduate,43300.0,87,3,4,0,4,8,0,1,55,624,180,1,Alone,2,-1.087,2.5275,-0.0513
2157,Graduate,26290.0,49,4,2,0,4,6,0,0,54,533,77,2,Partner,0,-2.311,-0.9116,-0.4287
10133,Graduate,93790.0,16,0,6,7,12,2,0,1,56,137,2349,0,Alone,3,4.853,2.1848,-1.4409
2525,Postgraduate,38410.0,65,2,5,2,9,6,0,1,52,653,534,0,Partner,1,0.6806,-0.5214,1.5351
8233,Postgraduate,64866.0,9,4,7,3,7,5,0,0,76,154,556,1,Alone,3,0.8689,1.4453,2.1103
9483,Graduate,57957.0,24,7,4,6,8,3,1,0,67,314,637,1,Partner,0,0.7774,-1.2307,-0.6111
2945,Postgraduate,46015.0,25,1,1,0,3,7,0,0,71,77,46,2,Partner,0,-2.0439,-1.1652,1.2234
10403,Graduate,16531.0,43,3,3,0,3,7,0,0,48,11,44,1,Partner,0,-2.4337,-0.911,-1.4613
5074,Postgraduate,28072.0,10,1,1,0,3,7,0,0,40,356,47,1,Partner,0,-2.2429,-0.8855,0.5451
10524,Postgraduate,49476.0,29,4,2,11,5,2,0,0,63,374,795,1,Alone,2,1.4695,1.523,1.273
4690,Graduate,50725.0,45,4,8,1,8,8,0,0,73,501,586,1,Partner,0,0.0022,-1.104,0.2805
7521,Graduate,83844.0,57,1,4,4,11,1,0,0,74,413,1574,0,Partner,1,3.1946,-1.229,-1.5607
7196,Postgraduate,41145.0,20,1,0,0,3,3,0,0,76,141,13,2,Partner,0,-1.6768,-1.241,0.8883
4406,Graduate,67419.0,29,4,9,4,8,5,0,0,56,529,1471,1,Partner,1,1.7916,-1.1262,-0.1472
9672,Undergraduate,23162.0,82,3,1,1,3,6,0,0,56,190,65,2,Partner,0,-2.7562,-1.1746,-0.2433
4864,Graduate,34380.0,68,4,4,1,3,8,0,0,49,423,175,1,Partner,0,-1.8164,-0.8816,-0.706
4706,Graduate,34704.0,65,1,1,0,3,5,0,0,60,428,40,1,Alone,2,-1.6518,2.0066,-1.3612
4070,Postgraduate,94871.0,99,1,8,5,4,7,0,1,57,666,1078,2,Partner,1,1.563,-0.7596,2.2661
25,Graduate,65148.0,9,2,6,6,7,4,0,0,68,590,1115,1,Partner,1,1.6698,-1.0311,-0.4847
3697,Graduate,39898.0,20,2,3,0,4,7,0,0,72,502,134,1,Partner,0,-1.4491,-0.8804,-0.6009
217,Postgraduate,64857.0,78,1,7,5,10,4,0,0,70,583,1540,0,Alone,3,2.88,1.5845,1.4503
4220,Postgraduate,59892.0,26,1,2,1,3,3,0,0,56,239,87,1,Partner,0,-0.6766,-1.1202,0.4592
5286,Postgraduate,41020.0,68,1,3,2,4,3,0,0,39,244,217,0,Alone,2,-0.2833,1.8296,-0.02
9559,Postgraduate,57072.0,79,2,7,5,13,5,0,0,65,156,1034,1,Partner,1,1.9223,-1.5177,1.3198
2849,Graduate,60474.0,25,7,10,2,12,7,0,0,47,454,1180,1,Alone,2,1.3455,1.6868,0.6977
7787,Graduate,62807.0,83,3,5,3,12,5,0,0,66,667,819,1,Partner,1,1.2733,-1.204,-0.4326
3102,Undergraduate,19414.0,32,1,1,0,3,8,0,0,45,256,32,1,Partner,0,-2.8958,-0.8569,-0.7135
5868,Graduate,19107.0,49,2,1,0,3,7,0,0,46,311,46,1,Partner,0,-2.4987,-0.7785,-1.5266
8370,Undergraduate,75484.0,50,2,7,3,6,4,0,0,50,696,1159,1,Partner,1,1.0549,-1.1902,0.0311
9988,Postgraduate,70379.0,84,3,6,3,13,4,0,0,50,483,860,1,Alone,3,1.8104,1.4223,1.4949
2939,Postgraduate,79419.0,96,1,4,6,4,2,0,0,56,7,1631,0,Partner,1,2.3536,-1.3004,-0.0707
5529,Postgraduate,64014.0,56,7,8,2,5,7,0,0,80,19,444,3,Partner,0,-0.7018,-1.6316,3.2593
9743,Graduate,76998.0,85,2,11,8,8,6,0,0,71,534,1910,1,Partner,1,3.1194,-1.2931,-0.1717
5763,Postgraduate,49854.0,63,5,6,2,5,6,0,0,54,231,380,1,Partner,0,-0.4607,-1.2801,1.6647
3478,Postgraduate,60585.0,17,10,7,4,9,5,0,1,55,370,736,2,Partner,0,0.8461,-0.956,3.6281
7494,Postgraduate,42873.0,11,4,6,1,4,8,0,0,76,524,269,2,Alone,2,-1.2258,1.615,2.8808
1763,Graduate,87679.0,62,1,7,11,10,4,0,1,38,337,2524,0,Partner,1,4.7905,-0.5364,-1.362
7250,Graduate,57867.0,48,7,7,2,9,6,0,0,48,271,612,1,Partner,0,0.2397,-1.1935,-0.1143
2005,Graduate,35765.0,86,2,2,0,4,6,0,0,36,200,75,1,Partner,0,-1.8878,-0.8424,-1.816
10770,Graduate,65492.0,73,2,4,7,13,2,0,0,67,154,1045,0,Partner,1,2.7989,-1.309,-1.7101
6885,Graduate,32952.0,36,1,2,0,3,7,0,0,49,210,55,1,Alone,2,-1.982,2.0474,-1.4738
2072,Postgraduate,53374.0,34,6,4,2,9,9,0,1,57,682,1064,1,Partner,0,0.412,-0.6398,2.9899
9463,Graduate,71706.0,16,4,9,5,7,5,0,0,67,593,1443,1,Partner,1,1.9765,-1.1804,0.0476
6318,Graduate,68487.0,48,1,9,7,13,4,0,0,38,532,1366,0,Partner,1,3.189,-1.0682,-1.4316
4093,Postgraduate,53253.0,61,7,4,3,5,5,0,0,51,503,436,2,Partner,0,-0.6861,-1.3222,2.319
5751,Undergraduate,31163.0,54,1,1,0,3,6,0,0,53,136,38,1,Alone,2,-2.2495,1.8566,-0.7483
3340,Graduate,42014.0,56,6,7,1,6,8,0,1,49,681,436,1,Partner,0,-0.4899,-0.4064,0.6084
3594,Postgraduate,54108.0,74,13,8,2,9,8,0,0,53,601,747,2,Partner,0,-0.2999,-1.5276,4.1823
3584,Postgraduate,49667.0,35,2,5,10,5,8,0,1,71,678,1396,0,Alone,3,2.1933,2.3139,2.2412
3643,Postgraduate,63206.0,65,1,4,3,6,2,0,0,52,101,928,0,Partner,1,1.2927,-1.2162,0.0089
851,Postgraduate,57136.0,48,9,5,2,10,6,0,0,54,355,642,2,Partner,0,-0.1207,-1.4559,2.9582
7706,Undergraduate,46772.0,88,6,11,8,5,8,0,0,51,599,1048,1,Partner,1,0.6826,-1.2792,1.254
3967,Postgraduate,78931.0,19,1,2,8,13,1,0,0,55,247,943,0,Partner,1,3.1152,-1.3271,0.1608
10128,Graduate,53977.0,21,5,5,5,12,5,0,0,68,386,907,1,Partner,1,1.335,-1.2599,-0.1802
486,Graduate,84219.0,27,1,3,4,10,1,0,0,38,147,1198,0,Partner,1,2.3736,-1.0138,-2.4092
9,Postgraduate,46098.0,86,4,3,2,2,8,0,0,51,680,120,2,Alone,2,-1.8242,1.7809,2.2239
9451,Graduate,73538.0,92,3,10,4,9,7,0,0,61,581,1658,1,Partner,1,2.0743,-1.2304,-0.1146
9264,Graduate,79529.0,1,1,4,8,9,2,0,0,40,63,1638,0,Partner,1,3.0034,-1.0758,-2.3708
3865,Undergraduate,20981.0,14,1,3,1,2,8,0,1,49,425,73,0,Partner,0,-1.8204,-0.2243,-0.2756
2853,Graduate,51766.0,74,2,4,2,4,5,0,0,46,110,275,1,Alone,2,-0.6449,1.89,-1.448
1490,Graduate,55759.0,84,5,10,3,8,8,0,0,64,578,854,1,Partner,1,0.6912,-1.1385,0.485
6310,Graduate,33039.0,4,1,2,0,4,5,0,0,48,293,78,1,Partner,0,-1.662,-0.807,-1.6784
10380,Postgraduate,37787.0,50,1,3,0,3,8,0,0,54,282,106,1,Partner,0,-1.8471,-1.0648,0.8347
3887,Graduate,27242.0,2,2,2,0,3,9,0,1,56,595,106,1,Alone,2,-1.8768,2.717,-0.157
4278,Postgraduate,87188.0,73,1,10,2,6,3,0,1,43,391,1923,0,Alone,3,3.2623,2.1754,1.2035
8643,Graduate,69930.0,21,1,4,5,12,3,0,0,55,399,1662,0,Partner,1,2.8017,-1.0921,-1.6832
1998,Graduate,37697.0,82,1,2,1,3,6,0,0,50,142,84,1,Alone,2,-1.585,1.9891,-1.6243
10795,Postgraduate,37401.0,14,2,2,0,3,7,0,0,53,54,48,1,Partner,0,-1.9447,-1.0948,0.7052
11110,Graduate,3502.0,56,0,0,0,0,14,0,0,53,442,5,1,Alone,2,-4.0035,2.2785,-1.0888
2408,Graduate,58597.0,20,12,7,4,9,7,0,0,50,586,733,2,Partner,0,0.0257,-1.2589,1.6505
202,Postgraduate,82032.0,54,0,4,6,7,1,0,0,78,85,1234,0,Alone,3,2.9164,1.5113,0.4841
7998,Graduate,28087.0,77,3,2,2,2,7,0,0,68,565,112,2,Partner,0,-2.1878,-0.9799,-0.4152
830,Postgraduate,74004.0,5,1,4,6,4,3,0,1,39,125,1658,0,Alone,3,2.4619,2.3435,0.5688
3536,Graduate,19740.0,65,2,1,1,3,5,0,0,66,462,55,1,Partner,0,-1.8723,-0.8684,-1.1976
6050,Undergraduate,57036.0,33,4,6,3,13,9,0,0,51,565,1513,1,Partner,1,0.8956,-1.234,0.8727
125,Undergraduate,53083.0,65,6,5,1,5,7,0,0,68,410,271,2,Partner,0,-1.4592,-1.2818,1.3437
3463,Postgraduate,69283.0,41,4,7,3,13,5,0,0,51,15,904,1,Partner,1,1.5922,-1.4562,1.4737
2804,Postgraduate,46098.0,86,4,3,2,2,8,0,1,51,680,120,2,Alone,2,-1.4716,2.3097,2.5669
3745,Undergraduate,23331.0,92,2,3,0,3,8,0,0,38,663,103,1,Partner,0,-2.5873,-0.873,-0.2888
9771,Undergraduate,23331.0,97,6,5,1,5,9,0,0,38,632,269,1,Alone,2,-2.0912,1.7928,0.7766
451,Graduate,9255.0,91,1,1,1,2,8,0,0,37,191,22,1,Alone,2,-2.7869,2.1659,-1.7531
10530,Postgraduate,67786.0,0,1,3,6,6,1,0,1,67,204,1156,0,Alone,3,2.5938,2.1392,0.8033
1079,Postgraduate,71969.0,59,3,3,4,9,8,0,0,55,621,1086,1,Partner,1,0.841,-1.1932,1.7648
8920,Postgraduate,59235.0,4,3,11,2,12,7,0,0,59,533,1128,1,Alone,3,1.7005,1.52,2.5235
6678,Graduate,31928.0,5,2,3,0,4,7,0,0,37,93,72,1,Partner,0,-2.023,-0.8049,-1.6271
3852,Postgraduate,74881.0,48,4,9,2,12,5,0,0,65,478,964,2,Partner,1,1.5169,-1.5138,2.58
528,Graduate,65819.0,99,1,5,4,10,3,0,0,48,577,1383,0,Partner,1,2.225,-1.0096,-1.6707
73,Postgraduate,51411.0,81,1,0,0,3,5,0,0,73,399,18,3,Alone,2,-1.9846,1.6179,1.7093
5589,Graduate,51983.0,95,3,9,2,10,7,0,0,62,667,793,1,Alone,2,0.8505,1.7294,0.1185
10212,Postgraduate,42386.0,43,1,3,0,3,8,0,0,40,532,100,1,Partner,0,-1.8296,-0.9603,0.8018
6365,Undergraduate,30390.0,5,1,2,0,3,6,0,0,39,300,80,0,Partner,0,-1.9428,-0.8152,-1.2022
5636,Graduate,30983.0,50,1,4,0,3,8,0,1,63,597,167,0,Alone,2,-0.9609,2.6708,-0.587
591,Graduate,66033.0,76,2,8,3,7,7,0,0,69,525,677,1,Alone,2,0.8186,1.7873,-0.0776
2217,Undergraduate,37284.0,46,1,0,0,3,6,0,0,51,457,23,2,Partner,0,-2.6545,-0.9718,-0.3674
2544,Postgraduate,57530.0,68,1,1,1,4,1,0,0,75,260,92,1,Alone,2,-0.1768,1.6065,0.7118
7725,Undergraduate,76800.0,33,1,4,4,7,1,0,0,61,113,641,0,Partner,1,1.4555,-1.2631,-1.2169
8091,Graduate,63943.0,50,1,6,4,6,5,0,0,70,665,1106,1,Partner,0,1.1599,-1.061,-0.6935
7321,Graduate,76081.0,85,1,4,5,4,2,0,0,64,37,1033,0,Partner,1,1.6832,-1.1355,-2.1857
5462,Graduate,67445.0,63,5,9,6,12,6,0,0,52,686,1174,1,Partner,1,2.1332,-1.2087,0.1614
7791,Postgraduate,37054.0,89,2,1,0,3,7,0,0,59,287,25,2,Partner,0,-2.344,-1.1877,1.156
955,Postgraduate,47175.0,81,7,4,2,4,8,0,1,64,609,240,2,Partner,0,-1.1292,-0.7205,3.285
4037,Graduate,31859.0,77,1,1,0,2,7,0,0,50,380,20,1,Alone,2,-2.2006,2.0839,-1.4492
6642,Graduate,27215.0,50,4,2,1,4,6,0,0,65,522,102,3,Alone,2,-2.3318,1.7955,0.1994
2793,Postgraduate,70179.0,10,3,7,3,13,5,0,0,50,343,1034,1,Alone,3,1.8854,1.5318,1.8003
5424,Graduate,39922.0,30,2,3,0,4,8,0,0,43,500,156,1,Partner,0,-1.8103,-0.771,-1.1065
879,Postgraduate,49681.0,66,6,7,1,7,7,0,0,50,237,458,2,Partner,0,-0.7842,-1.3436,2.3757
9530,Graduate,24645.0,16,1,1,0,2,8,0,0,38,605,17,1,Partner,0,-2.6445,-0.638,-1.5259
4828,Graduate,79865.0,12,1,5,10,5,1,0,0,72,11,792,1,Alone,3,2.413,1.6452,-1.3828
10699,Graduate,44322.0,30,2,3,0,3,8,0,0,41,13,92,1,Partner,0,-1.9957,-0.8848,-1.6555
1497,Graduate,47958.0,8,2,6,3,5,5,0,0,74,526,407,1,Alone,2,0.1359,1.8949,-0.2376
7476,Postgraduate,63972.0,93,4,5,4,10,4,0,0,62,574,1269,1,Alone,3,1.7686,1.4394,1.8735
4390,Graduate,75315.0,14,2,5,4,12,2,0,0,72,75,841,1,Partner,1,2.0729,-1.2921,-1.0814
10478,Postgraduate,55517.0,53,5,11,1,6,9,0,1,76,640,633,2,Partner,0,0.1346,-0.8691,3.77
1081,Postgraduate,75283.0,26,11,6,3,5,4,0,0,69,459,1019,3,Partner,0,0.1637,-1.5898,3.884
4261,Postgraduate,82800.0,23,1,7,6,12,3,0,1,80,582,1315,0,Alone,3,4.0126,2.0351,2.0215
9916,Graduate,38998.0,92,3,2,0,3,8,1,0,72,603,54,2,Partner,0,-2.4747,-0.986,-0.6367
5350,Postgraduate,90638.0,29,1,3,4,10,1,0,1,35,136,2525,0,Alone,3,3.9917,2.1482,0.2786
8135,Postgraduate,27161.0,41,1,1,0,3,7,0,0,40,244,52,1,Partner,0,-2.2822,-0.9611,0.3418
8685,Graduate,42014.0,56,6,7,1,6,8,0,1,49,681,436,1,Partner,0,-0.4982,-0.4472,0.5308
4967,Postgraduate,38201.0,19,4,5,1,5,8,0,0,66,457,268,1,Partner,0,-1.1149,-1.141,2.0969
2130,Graduate,45203.0,4,1,3,1,3,6,0,1,44,98,147,2,Partner,0,-1.4537,-0.3201,-1.0007
9298,Postgraduate,81574.0,89,1,4,5,8,1,0,0,79,62,1798,0,Partner,1,3.1676,-1.5097,0.3262
8175,Graduate,34935.0,71,1,2,1,4,7,0,0,34,373,137,0,Partner,0,-1.4425,-0.7326,-2.1873
6257,Postgraduate,60482.0,81,1,7,2,7,7,0,0,50,522,507,1,Alone,2,0.2891,1.6744,1.4411
3790,Graduate,34633.0,31,1,1,0,2,6,0,0,70,157,15,3,Partner,0,-2.7245,-1.0084,-0.7738
9952,Postgraduate,78093.0,53,1,4,7,5,1,0,0,79,200,1105,0,Partner,1,2.537,-1.3949,0.4282
3503,Graduate,82460.0,78,1,5,3,6,1,0,0,76,209,974,0,Alone,3,2.1802,1.6891,-1.5384
5223,Postgraduate,45903.0,80,2,2,1,3,4,0,0,60,67,66,1,Partner,0,-1.1438,-1.2155,0.5307
4608,Graduate,81361.0,18,1,3,10,13,1,0,1,39,124,778,0,Alone,3,3.6333,2.2956,-1.8646
1626,Postgraduate,35860.0,37,2,1,1,2,5,0,1,53,41,49,2,Alone,2,-1.6883,2.2908,1.3872
4764,Postgraduate,40442.0,52,4,3,1,4,7,0,1,74,679,169,2,Partner,0,-1.2293,-0.662,2.8192
2471,Graduate,61482.0,39,1,3,2,6,2,0,0,61,2,299,0,Partner,0,0.5273,-1.0133,-2.1636
5892,Graduate,34968.0,11,7,3,2,5,7,0,0,46,445,221,1,Partner,0,-1.4881,-0.9288,-0.2206
2612,Graduate,75794.0,33,1,7,5,12,3,0,0,39,187,1682,0,Partner,1,3.0697,-1.076,-1.8693
4971,Postgraduate,31497.0,22,2,3,1,4,8,0,0,64,570,155,1,Partner,0,-1.5746,-1.0157,1.6041
5185,Graduate,74268.0,83,1,4,3,5,2,0,0,71,500,892,0,Partner,1,1.5197,-1.0592,-1.604
10069,Undergraduate,13724.0,43,1,2,0,2,9,0,0,38,667,58,1,Partner,0,-3.1391,-0.784,-0.4727
2262,Postgraduate,45143.0,74,3,6,1,5,7,0,0,61,307,311,1,Partner,0,-0.7379,-1.2022,1.6102
1131,Postgraduate,52569.0,54,1,2,0,4,3,0,0,59,85,95,1,Alone,2,-0.7487,1.6993,0.5642
1041,Postgraduate,48432.0,3,5,7,1,6,8,0,1,53,619,424,1,Alone,2,-0.1369,2.3214,2.9996
24,Postgraduate,17144.0,96,5,3,0,4,7,0,0,66,134,47,2,Partner,0,-2.478,-1.2643,1.9748
3409,Graduate,36108.0,68,3,7,1,4,9,0,0,42,257,339,1,Alone,2,-1.3426,1.9755,-0.6263
7022,Graduate,76445.0,2,1,2,5,13,6,0,0,55,639,1410,1,Partner,1,1.9287,-1.0412,-0.9657
7943,Postgraduate,36663.0,40,1,1,1,3,2,0,0,51,65,35,1,Partner,0,-1.2255,-1.136,-0.0399
5272,Postgraduate,53843.0,64,4,8,5,3,7,0,0,61,367,562,1,Partner,0,0.1239,-1.2562,1.938
5453,Postgraduate,90226.0,26,1,4,7,12,2,0,0,70,641,2352,0,Partner,1,4.3956,-1.3567,1.0096
2565,Postgraduate,70638.0,69,1,4,5,10,3,0,0,71,393,1334,0,Alone,3,2.6539,1.545,0.968
800,Graduate,44512.0,57,2,1,0,3,4,0,0,66,303,32,2,Partner,0,-1.7899,-0.9914,-1.0307
11092,Graduate,27116.0,78,2,2,0,3,7,0,0,65,119,41,2,Partner,0,-2.5001,-1.0557,-1.0617
5062,Postgraduate,54072.0,71,1,2,0,2,8,0,0,63,337,39,2,Partner,0,-2.0617,-1.1419,1.3188
8969,Graduate,71855.0,59,4,5,5,11,3,0,0,49,529,1141,1,Partner,1,1.9321,-1.2129,-0.845
4656,Undergraduate,51250.0,28,5,10,5,4,9,0,0,36,456,710,1,Alone,2,-0.2665,1.7863,0.9968
4480,Postgraduate,60432.0,61,5,7,2,5,6,0,0,53,112,401,1,Partner,0,-0.1604,-1.3171,1.6478
9971,Postgraduate,65526.0,22,1,4,4,8,2,0,0,62,79,506,1,Partner,1,1.0899,-1.37,0.5254
6729,Graduate,68655.0,95,1,4,5,11,3,0,0,38,688,1538,0,Alone,3,2.5748,1.8539,-1.7297
1773,Undergraduate,12393.0,38,1,2,0,3,9,0,0,48,572,57,0,Partner,0,-2.6006,-0.7216,-0.5419
9242,Graduate,64509.0,19,1,6,3,9,4,0,1,36,316,1722,0,Alone,3,2.4503,2.4485,-1.3698
1764,Graduate,33955.0,92,4,5,1,5,8,0,0,51,324,270,1,Alone,2,-1.3292,1.9091,-0.4668
6215,Graduate,31353.0,24,2,1,1,2,8,0,1,49,182,31,2,Partner,0,-2.3876,-0.3044,-0.7545
10099,Graduate,55434.0,21,3,5,3,13,4,0,0,42,267,882,1,Partner,0,1.149,-1.1521,-1.2043
5423,Graduate,28359.0,35,1,1,0,2,7,0,0,43,245,16,1,Partner,0,-2.4509,-0.7369,-1.8051
940,Graduate,57100.0,9,2,3,2,7,3,0,0,39,42,311,1,Alone,2,-0.0594,1.9079,-1.6731
3011,Graduate,69139.0,23,1,4,1,5,4,0,0,61,153,227,1,Partner,0,-0.1462,-1.0102,-1.4464
3298,Postgraduate,52973.0,92,7,9,6,9,8,0,0,70,598,1152,1,Partner,1,1.3563,-1.4446,3.1179
8286,Postgraduate,51717.0,55,1,3,0,4,7,0,0,61,313,122,1,Partner,0,-1.2364,-1.1355,0.9485
9668,Graduate,18793.0,14,3,2,0,4,8,0,0,55,533,77,1,Partner,0,-2.3305,-0.8015,-0.7826
5120,Undergraduate,66664.0,78,1,5,7,6,3,0,0,44,642,1289,0,Partner,1,1.8252,-1.0921,-0.899
6097,Graduate,50664.0,64,9,8,1,6,9,0,0,67,529,561,2,Alone,2,-0.8811,1.6258,1.5993
7019,Graduate,54414.0,49,4,3,1,5,4,0,0,63,522,211,2,Partner,0,-0.9532,-1.1059,-0.4101
7408,Postgraduate,54549.0,8,2,5,1,4,7,0,0,74,118,233,1,Partner,0,-0.7198,-1.2259,1.4752
8041,Postgraduate,47111.0,35,6,3,2,10,9,0,0,55,659,1092,1,Alone,2,0.0287,1.6366,2.5735
252,Postgraduate,41003.0,11,1,6,2,8,6,0,0,63,469,601,0,Alone,2,0.5978,1.812,1.395
9986,Graduate,19444.0,8,3,4,1,2,7,0,1,44,127,54,1,Partner,0,-1.8989,-0.2873,-0.9197
3276,Undergraduate,36301.0,53,1,3,0,3,7,0,0,50,247,78,1,Partner,0,-2.1484,-0.9712,-0.5999
3859,Postgraduate,73059.0,36,1,9,3,13,4,0,0,79,302,1095,1,Partner,1,2.5281,-1.4909,1.7724
3570,Postgraduate,42731.0,64,3,4,1,5,5,0,0,57,251,244,1,Partner,0,-0.8073,-1.1992,1.155
3783,Postgraduate,52854.0,43,2,2,1,4,5,0,0,67,97,116,2,Partner,0,-1.2938,-1.2712,1.2206
10207,Graduate,22775.0,40,1,1,0,2,8,0,0,48,375,15,1,Partner,0,-2.6431,-0.7493,-1.5928
10906,Postgraduate,46681.0,52,2,4,6,4,5,0,0,78,264,425,2,Partner,0,-0.1815,-1.3914,1.5974
3427,Postgraduate,59821.0,11,6,11,2,7,8,0,0,71,443,734,1,Partner,0,0.6035,-1.3409,3.1017
5209,Graduate,50002.0,21,2,8,2,7,7,0,0,72,377,638,1,Alone,2,0.3168,1.8064,-0.1057
10711,Graduate,69755.0,23,1,3,6,12,1,0,0,81,270,894,0,Partner,1,2.7249,-1.2554,-1.6123
10785,Graduate,44078.0,17,2,2,0,3,5,0,0,57,10,41,2,Partner,0,-1.9713,-1.0384,-1.3485
2814,Postgraduate,30560.0,6,1,1,0,3,7,0,0,50,367,31,1,Partner,0,-2.1166,-0.9073,0.7845
6866,Postgraduate,35924.0,56,1,1,0,3,5,0,0,57,98,34,2,Partner,0,-2.1034,-1.1778,0.6772
1665,Postgraduate,64140.0,71,5,2,5,6,5,0,1,62,279,1750,2,Alone,3,1.2879,2.0145,2.4354
6575,Graduate,56386.0,51,8,9,1,7,9,0,0,45,610,612,2,Partner,0,-0.7404,-1.1392,1.0151
3829,Undergraduate,24594.0,94,1,1,0,3,5,0,0,47,201,29,1,Partner,0,-2.3808,-1.0015,-1.1229
3091,Undergraduate,75774.0,27,1,7,5,8,4,0,0,45,58,823,1,Partner,0,1.2067,-1.2433,-0.6437
10141,Postgraduate,39228.0,1,1,0,0,3,4,0,0,66,415,20,0,Alone,2,-1.0467,1.8664,0.5387
5177,Postgraduate,58494.0,56,2,6,2,6,6,0,0,52,199,396,1,Partner,0,-0.078,-1.2297,1.093
7005,Graduate,58684.0,71,1,5,3,12,2,0,0,45,13,813,0,Alone,3,1.8373,1.7188,-2.1377
6409,Graduate,57136.0,18,1,7,5,7,6,0,1,59,407,1179,0,Alone,3,1.9825,2.4576,-0.6193
7485,Postgraduate,56551.0,48,3,2,1,4,4,0,0,76,53,138,2,Alone,2,-0.9479,1.469,1.559
8079,Graduate,22448.0,86,3,2,1,3,3,0,0,44,123,55,1,Partner,0,-1.7312,-0.968,-1.9257
8395,Graduate,82014.0,48,1,3,6,12,6,0,1,65,678,1511,0,Alone,3,3.1497,2.3369,-0.5663
10352,Graduate,34213.0,2,3,3,1,2,9,0,1,63,660,117,2,Alone,2,-1.9518,2.5482,0.5045
4931,Graduate,157146.0,13,0,0,28,0,1,0,0,49,426,1730,0,Partner,1,6.3256,-1.0804,-2.6242
13,Postgraduate,25358.0,57,2,1,0,3,6,0,0,79,342,32,1,Alone,2,-1.7874,1.7725,1.514
1834,Postgraduate,35544.0,77,1,2,0,3,7,0,0,48,113,67,1,Alone,2,-1.858,1.8296,0.652
2285,Postgraduate,36634.0,0,3,5,2,5,7,0,0,72,397,335,1,Partner,0,-0.7436,-1.1317,1.9634
2295,Postgraduate,62670.0,57,1,5,3,13,3,0,0,72,147,825,1,Partner,1,1.7754,-1.4511,1.0811
1378,Undergraduate,50334.0,24,6,7,4,6,6,0,0,54,340,694,1,Partner,0,-0.0887,-1.2078,0.8469
2781,Graduate,72066.0,55,1,4,6,6,2,0,1,45,6,1792,0,Alone,3,2.8339,2.375,-1.8342
1165,Postgraduate,50729.0,62,9,6,2,7,6,0,0,68,423,496,2,Alone,2,-0.3861,1.4016,3.4355
1404,Graduate,34916.0,89,4,5,1,3,9,0,0,58,410,231,2,Partner,0,-2.096,-0.9811,-0.047
6457,Graduate,64892.0,77,2,6,4,12,4,0,0,50,31,902,1,Alone,3,1.635,1.6101,-1.2674
2639,Graduate,43602.0,45,3,3,1,2,6,0,0,60,170,68,2,Alone,2,-1.8487,1.8697,-0.5927
8299,Postgraduate,33996.0,46,1,1,1,3,4,0,0,37,291,71,0,Alone,2,-1.1346,1.9211,-0.1048
6437,Undergraduate,41473.0,80,1,2,0,3,7,0,0,41,375,76,1,Alone,2,-2.1076,1.9025,-0.6642
6912,Postgraduate,63246.0,60,1,6,3,12,4,0,0,59,313,772,2,Partner,1,1.1376,-1.451,1.3755
7327,Postgraduate,36732.0,71,3,1,1,4,2,0,0,67,182,47,2,Partner,0,-1.3871,-1.3388,1.0199
5299,Postgraduate,69084.0,43,2,7,3,13,8,0,0,56,222,1586,1,Partner,1,1.8353,-1.3709,1.6286
4127,Postgraduate,77766.0,97,2,11,10,11,6,0,1,59,492,1529,1,Partner,1,3.8139,-0.9246,2.2854
8143,Postgraduate,37929.0,49,2,4,2,5,7,0,1,41,334,265,0,Alone,2,-0.2882,2.4011,1.1084
1964,Graduate,86610.0,66,1,5,6,6,2,0,0,75,297,1603,0,Partner,1,2.936,-1.1487,-1.51
3690,Postgraduate,80141.0,20,1,7,4,10,6,0,1,40,534,2091,0,Partner,1,3.1923,-0.5815,1.3182
3433,Undergraduate,72635.0,54,1,6,8,6,3,0,0,71,391,981,0,Partner,1,2.1346,-1.235,-0.4615
3389,Graduate,69016.0,61,4,8,9,13,5,0,0,56,584,1533,1,Partner,1,3.0578,-1.2496,-0.144
4712,Undergraduate,20193.0,18,1,1,1,4,4,0,0,35,578,82,0,Partner,0,-1.7005,-0.7711,-1.2833
1170,Graduate,27573.0,45,4,5,1,4,8,0,0,51,461,244,1,Partner,0,-1.6599,-0.846,-0.4397
6347,Undergraduate,15862.0,26,1,1,0,3,8,0,0,47,367,36,1,Alone,2,-2.8408,2.0085,-0.4441
4065,Postgraduate,49544.0,0,2,5,1,8,7,0,0,50,502,404,1,Partner,0,-0.3577,-1.083,1.4925
8230,Graduate,33228.0,28,1,2,0,3,7,0,0,46,157,71,1,Partner,0,-2.0933,-0.8174,-1.7513
1215,Graduate,70440.0,49,1,5,10,7,3,0,0,48,264,1572,0,Partner,1,2.8974,-1.0149,-1.9103
5939,Graduate,38232.0,84,4,3,1,3,5,0,0,55,163,122,2,Partner,0,-1.8405,-1.0885,-0.8793
2156,Postgraduate,22554.0,38,4,2,0,4,5,0,0,71,603,41,2,Partner,0,-2.0448,-1.158,2.1206
7788,Postgraduate,23536.0,53,1,0,0,3,3,0,0,43,25,10,1,Partner,0,-1.9563,-1.0669,-0.2403
10323,Graduate,49413.0,88,2,4,2,5,5,0,0,74,247,304,1,Partner,0,-0.4042,-1.1486,-1.0937
7947,Graduate,42231.0,99,1,1,0,3,5,0,0,57,96,37,2,Partner,0,-2.0559,-1.05,-1.6624
1891,Postgraduate,78789.0,12,1,4,6,5,2,0,1,46,690,1754,0,Alone,3,3.0377,2.3629,1.0878
2570,Graduate,56534.0,35,4,10,4,7,8,0,1,58,341,815,1,Partner,0,1.0002,-0.5309,0.4316
9256,Graduate,58350.0,5,4,8,3,12,6,0,0,55,541,1001,1,Alone,2,1.4216,1.7192,0.0694
295,Graduate,81217.0,77,1,3,7,11,1,0,0,37,345,1157,0,Alone,3,2.9369,1.8124,-2.1757
7397,Graduate,49090.0,45,3,7,2,9,7,0,0,75,345,688,1,Alone,2,0.4489,1.7,-0.012
6349,Postgraduate,61787.0,71,1,8,4,6,5,0,0,39,358,1319,0,Alone,2,1.7098,1.7173,0.6849
10790,Postgraduate,18169.0,40,1,1,0,2,8,0,0,41,495,21,1,Partner,0,-2.6889,-0.8878,0.6045
10398,Undergraduate,24336.0,82,1,1,0,2,7,0,0,45,671,31,1,Alone,2,-2.6213,1.9698,-0.4998
2431,Graduate,18222.0,70,1,2,0,3,8,0,0,36,545,67,0,Partner,0,-2.167,-0.5933,-1.8522
550,Graduate,62335.0,87,2,3,3,13,2,0,0,74,402,708,1,Alone,3,1.6628,1.6137,-0.8251
1890,Undergraduate,42033.0,95,1,1,0,2,7,0,0,55,648,25,2,Partner,0,-2.6416,-0.989,-0.0757
10742,Postgraduate,86580.0,72,0,4,2,5,1,0,0,43,487,746,0,Partner,1,1.527,-1.1788,-0.2347
10356,Postgraduate,41437.0,5,1,1,0,3,7,0,0,69,645,32,2,Alone,2,-1.9814,1.7875,1.7747
4676,Postgraduate,73705.0,86,2,9,6,8,5,0,0,75,116,1695,2,Alone,3,2.3178,1.2799,2.1095
8852,Graduate,61064.0,80,5,8,4,11,6,0,0,50,667,1080,1,Partner,1,1.4156,-1.1956,-0.0718
3565,Postgraduate,38452.0,62,3,3,0,3,7,0,0,71,91,72,2,Partner,0,-2.0473,-1.2605,1.6711
5294,Graduate,18358.0,49,3,3,0,4,7,0,0,37,221,57,1,Alone,2,-2.225,2.05,-1.2353
1958,Postgraduate,55012.0,85,6,8,2,9,5,0,0,53,100,660,1,Partner,1,0.5855,-1.4364,1.8778
7349,Undergraduate,9722.0,7,4,3,1,3,8,0,1,53,635,103,1,Partner,0,-2.3206,-0.354,0.8357
8799,Postgraduate,38175.0,6,3,3,1,4,7,0,0,42,279,153,1,Partner,0,-1.5792,-1.0434,1.015
1351,Postgraduate,58656.0,25,4,7,8,13,6,0,0,70,647,1220,1,Partner,1,2.4505,-1.3802,2.516
1045,Graduate,52117.0,55,2,5,2,4,7,0,0,61,682,279,1,Partner,0,-0.6718,-0.8758,-0.5308
7732,Graduate,64813.0,81,1,7,2,10,5,0,0,48,178,745,1,Partner,0,0.9181,-1.1569,-1.4342
8070,Postgraduate,54222.0,98,1,3,3,5,3,0,0,53,120,264,1,Partner,0,-0.1023,-1.2841,0.2112
477,Graduate,83512.0,31,1,4,7,10,1,0,1,40,12,2157,0,Partner,1,3.9445,-0.5407,-2.0171
7832,Postgraduate,77520.0,30,1,8,7,7,4,0,1,67,305,1526,1,Partner,1,2.9643,-0.8386,1.6997
2202,Graduate,41154.0,98,1,1,0,4,5,0,0,48,446,69,1,Partner,0,-1.5693,-0.8508,-1.7546
7396,Graduate,80398.0,92,1,5,8,12,3,0,0,60,596,1597,0,Partner,1,3.5611,-1.1878,-1.4757
4055,Undergraduate,18746.0,41,2,3,0,3,6,0,0,34,31,64,1,Alone,2,-2.4914,1.9198,-0.8104
10340,Graduate,35196.0,68,6,6,1,5,8,0,0,42,593,497,1,Partner,0,-1.2367,-0.9709,-0.2049
10091,Graduate,60230.0,78,2,6,3,6,5,0,0,70,405,1067,1,Alone,2,0.9249,1.6998,-0.6446
7629,Graduate,22108.0,46,2,2,0,3,7,0,0,49,52,31,2,Partner,0,-2.7476,-0.9329,-1.3071
10640,Graduate,44392.0,71,5,4,1,4,7,0,0,52,297,211,2,Partner,0,-1.7499,-1.1068,-0.4031
3498,Postgraduate,55424.0,6,4,7,5,9,6,0,1,50,581,877,1,Partner,1,1.4255,-0.6604,2.3959
6742,Graduate,17688.0,82,1,1,0,2,8,1,0,47,532,11,1,Partner,0,-2.9241,-0.6801,-1.8991
1172,Postgraduate,92491.0,71,1,7,5,12,3,0,1,43,424,2034,0,Partner,1,4.1852,-0.7568,0.9861
569,Graduate,90273.0,32,1,5,6,7,2,0,1,35,197,1991,0,Alone,3,3.5188,2.4286,-1.6747
4686,Postgraduate,82571.0,28,0,6,5,13,2,0,0,64,88,1686,0,Alone,3,3.7545,1.452,0.5793
1381,Postgraduate,38513.0,20,5,6,1,5,8,0,1,44,152,324,1,Alone,2,-0.7833,2.2977,2.2903
2634,Postgraduate,16653.0,10,3,2,1,3,6,0,1,47,72,69,1,Alone,2,-1.691,2.409,1.3777
10905,Graduate,42586.0,7,5,4,1,6,8,0,1,71,608,252,2,Partner,0,-1.0926,-0.5268,0.8573
1744,Undergraduate,23529.0,67,1,1,1,2,6,0,0,61,538,54,1,Alone,2,-2.223,1.9417,-0.2455
1000,Postgraduate,74881.0,48,4,9,2,12,5,0,0,65,478,964,2,Partner,1,1.5213,-1.492,2.6214
3828,Graduate,71107.0,61,2,7,6,13,4,0,0,75,497,1327,1,Partner,1,2.7726,-1.2889,-0.3963
8605,Postgraduate,46910.0,36,2,2,0,3,6,0,0,62,98,68,2,Partner,0,-1.889,-1.2303,1.1403
10304,Graduate,18690.0,77,1,1,1,2,8,0,0,67,548,60,0,Partner,0,-1.9919,-0.7661,-1.4915
4351,Graduate,37244.0,90,1,1,1,2,7,0,0,71,428,55,2,Alone,2,-2.1167,1.9073,-0.7171
10129,Graduate,82427.0,35,1,3,5,12,1,0,0,60,109,1456,0,Partner,1,3.0603,-1.2334,-2.1416
2499,Undergraduate,75342.0,38,1,5,2,10,4,0,0,68,419,563,1,Alone,2,0.9646,1.5961,0.1411
10092,Graduate,70044.0,46,4,7,10,5,5,0,0,72,496,1504,1,Alone,3,2.3771,1.6381,-0.0409
7500,Graduate,79146.0,33,2,8,1,8,6,0,0,59,66,564,2,Alone,2,0.4221,1.6238,-0.4088
5796,Graduate,77437.0,70,1,4,5,13,1,0,0,63,215,1125,0,Partner,1,2.9757,-1.2437,-1.9169
10556,Graduate,54984.0,51,4,6,1,6,7,0,0,67,36,358,1,Partner,0,-0.5149,-1.1824,-0.6115
1064,Postgraduate,42403.0,18,1,1,0,3,8,0,0,55,200,42,1,Partner,0,-1.9904,-0.9657,0.8294
48,Graduate,55761.0,97,2,4,1,3,6,0,0,62,66,184,1,Partner,0,-0.9866,-1.0195,-1.2918
7610,Graduate,37292.0,32,5,6,3,5,8,0,0,43,437,460,1,Partner,0,-0.9233,-0.9369,-0.395
263,Postgraduate,45576.0,9,1,3,1,3,8,0,1,81,32,145,0,Alone,2,-0.5044,2.3594,1.5929
10814,Graduate,70321.0,6,1,6,5,13,4,0,1,79,529,1376,0,Partner,1,3.3466,-0.6368,-0.4825
9710,Postgraduate,58086.0,80,2,11,3,7,8,0,0,57,525,792,1,Alone,3,0.8704,1.5652,2.1124
9292,Graduate,81795.0,74,1,4,11,7,2,0,0,74,611,1382,0,Partner,1,3.4258,-1.1734,-1.4609
10250,Undergraduate,28389.0,49,1,1,0,2,7,0,0,79,586,28,0,Partner,0,-1.9958,-0.9544,-0.3587
7881,Postgraduate,66835.0,21,1,6,4,13,2,0,0,80,274,1033,0,Partner,1,2.8416,-1.4395,1.0
5847,Graduate,69901.0,95,3,7,3,10,5,0,0,57,396,882,1,Alone,3,1.4036,1.6476,-0.5366
737,Postgraduate,80360.0,56,2,4,4,5,2,0,0,77,483,2231,0,Partner,1,2.884,-1.2766,1.0679
3571,Postgraduate,63342.0,48,3,8,3,5,6,0,1,65,621,1101,1,Partner,1,1.2769,-0.6844,2.4579
7807,Graduate,44989.0,26,5,5,1,5,6,0,0,52,655,369,1,Partner,0,-0.8301,-0.9492,-0.2787
3878,Undergraduate,31859.0,3,1,1,0,3,7,0,0,46,122,48,1,Alone,2,-2.4211,1.9646,-0.6726
5092,Postgraduate,51569.0,39,4,7,1,7,8,0,1,77,502,467,1,Alone,2,0.2791,2.1317,3.0577
2154,Graduate,30372.0,33,3,2,0,3,7,0,0,55,551,44,2,Alone,2,-2.3657,2.0175,-0.3028
5394,Undergraduate,16014.0,42,4,1,1,4,3,0,0,47,469,38,2,Alone,2,-2.3587,1.7824,0.0761
3798,Graduate,41120.0,80,3,2,1,3,6,0,0,58,235,81,2,Partner,0,-1.9718,-1.0225,-0.8948
3524,Postgraduate,39763.0,9,2,5,1,2,9,0,1,55,329,167,1,Alone,2,-1.233,2.4279,2.0404
5247,Postgraduate,38725.0,52,2,1,0,4,4,0,0,71,50,45,2,Partner,0,-1.7126,-1.2885,1.0474
5883,Graduate,77981.0,78,3,7,4,7,5,0,0,54,399,664,1,Partner,0,1.0818,-1.1528,-0.7911
2118,Undergraduate,62905.0,68,3,7,2,8,4,0,0,62,292,622,1,Partner,1,0.4918,-1.3075,0.1731
8812,Undergraduate,13533.0,45,2,2,0,3,7,0,0,47,476,48,1,Alone,2,-2.6635,1.9452,-0.2533
6616,Graduate,59481.0,47,2,3,3,8,2,0,0,51,249,461,1,Partner,0,0.5261,-1.095,-1.67
2797,Graduate,72117.0,34,1,9,7,9,5,0,0,49,313,1073,1,Partner,1,2.1323,-1.099,-0.9986
4328,Undergraduate,21955.0,81,2,2,1,3,6,0,0,40,295,55,1,Partner,0,-2.3881,-0.9652,-0.8089
9167,Graduate,67131.0,72,3,9,2,12,6,0,0,70,460,976,1,Partner,1,1.5901,-1.29,-0.1268
10560,Postgraduate,36802.0,23,1,1,0,3,5,0,0,46,13,20,1,Alone,2,-1.7429,1.7882,0.2577
2631,Graduate,71853.0,29,1,2,8,6,1,0,0,44,417,1149,0,Partner,1,2.1827,-0.9261,-2.2674
8312,Undergraduate,28249.0,80,1,2,0,3,6,0,0,65,14,43,0,Partner,0,-1.8528,-1.0652,-1.1381
5534,Postgraduate,47808.0,30,2,3,2,3,7,0,0,51,252,224,1,Partner,0,-1.1977,-1.0701,0.9602
5093,Postgraduate,25509.0,15,3,3,0,3,9,0,1,52,649,101,1,Alone,2,-1.7964,2.4961,2.2665
7592,Postgraduate,51012.0,86,1,4,1,4,6,0,0,80,437,209,0,Partner,0,-0.259,-1.1817,1.0226
8895,Graduate,70596.0,68,1,3,5,12,2,0,0,41,632,968,0,Alone,3,2.3512,1.8255,-1.8579
8584,Postgraduate,85431.0,54,1,2,7,7,0,0,0,74,386,1165,0,Partner,1,2.893,-1.3728,0.309
2694,Graduate,42664.0,44,1,1,0,3,6,0,0,59,103,24,1,Partner,0,-1.7942,-0.8769,-1.6681
8910,Graduate,42586.0,7,5,4,1,6,8,0,1,71,608,252,2,Partner,0,-1.0895,-0.5115,0.8862
7433,Graduate,29760.0,87,4,3,1,4,8,0,0,41,669,165,1,Alone,2,-1.8343,2.0244,-0.6102
164,Postgraduate,28973.0,59,2,5,1,5,8,0,0,49,624,269,0,Partner,0,-0.9628,-0.9146,1.2111
10477,Postgraduate,39435.0,16,1,3,1,2,7,0,0,53,327,102,1,Partner,0,-1.6567,-1.0237,0.813
2681,Undergraduate,65370.0,1,1,2,3,13,1,0,0,42,332,461,0,Partner,1,1.3329,-1.1239,-1.2977
5150,Undergraduate,20194.0,64,2,2,0,3,6,0,0,47,559,47,1,Alone,2,-2.3735,1.9411,-0.2543
5283,Postgraduate,42473.0,72,3,2,1,4,5,0,0,50,132,144,2,Alone,2,-1.5607,1.6231,1.203
9645,Graduate,64590.0,98,1,9,4,10,6,0,0,58,623,1338,0,Partner,1,2.2297,-1.1049,-1.001
10678,Graduate,71232.0,91,2,11,2,10,7,0,0,67,213,917,1,Partner,1,1.4231,-1.3112,-0.4337
7261,Graduate,34600.0,8,5,5,2,5,8,0,1,55,544,318,2,Partner,0,-1.2192,-0.4316,0.6069
9648,Graduate,46904.0,20,4,5,1,4,8,0,0,59,603,253,2,Alone,2,-1.4645,1.8706,0.2648
2870,Graduate,49094.0,6,5,6,3,6,6,0,0,53,646,502,1,Partner,0,-0.1401,-0.9448,-0.0594
8008,Graduate,36075.0,54,1,2,0,4,6,0,0,43,202,119,1,Partner,0,-1.7656,-0.8607,-1.8867
1513,Undergraduate,60839.0,72,13,2,2,12,8,0,0,47,670,1250,2,Partner,0,-0.4246,-1.4345,2.4334
6173,Graduate,77298.0,46,1,6,6,11,3,0,0,47,239,969,1,Partner,1,2.1904,-1.1784,-1.5422
1419,Graduate,34026.0,11,3,2,1,3,5,0,0,76,328,76,2,Partner,0,-1.8144,-0.9893,-0.3912
9150,Postgraduate,48918.0,21,2,1,0,4,4,0,0,63,78,62,2,Alone,2,-1.4686,1.5978,1.1031
7960,Undergraduate,82122.0,89,1,3,9,13,1,0,0,64,318,1382,0,Partner,1,3.4696,-1.4389,-1.0592
1250,Graduate,37697.0,82,1,2,1,3,6,0,0,50,142,84,1,Alone,2,-1.5839,1.9949,-1.6134
9905,Graduate,34074.0,69,5,3,3,3,6,0,0,74,351,255,2,Partner,0,-1.5308,-1.1591,-0.118
10691,Postgraduate,28520.0,55,1,1,1,2,6,0,0,66,380,43,2,Partner,0,-2.2384,-1.1497,1.0994
7002,Graduate,62535.0,13,1,3,2,8,3,0,0,71,269,398,1,Alone,2,0.56,1.7636,-1.1327
2952,Postgraduate,36273.0,80,2,3,0,3,6,0,0,49,74,76,1,Alone,2,-1.6372,1.756,0.7883
8439,Graduate,63404.0,97,2,6,3,4,4,0,0,62,23,902,2,Partner,0,0.1747,-1.2629,-1.1124
762,Undergraduate,75774.0,27,1,7,5,8,4,0,0,45,58,823,1,Partner,0,1.2103,-1.2255,-0.6099
2831,Graduate,78416.0,99,2,7,7,10,3,0,0,50,2,1179,1,Partner,1,2.4472,-1.2931,-1.5019
6977,Graduate,75702.0,87,1,10,5,13,6,0,0,52,623,1921,1,Partner,1,3.0556,-1.2119,-0.5784
6289,Postgraduate,59385.0,85,2,3,1,4,5,0,0,75,427,185,2,Partner,0,-0.8909,-1.3294,1.6122
4168,Graduate,37070.0,30,9,5,1,8,7,0,1,60,466,433,2,Alone,2,-0.7545,2.2381,1.5164
8397,Graduate,44689.0,82,2,1,1,2,7,0,0,75,170,34,2,Partner,0,-2.1279,-1.0815,-0.8917
9284,Graduate,53977.0,21,5,5,5,12,5,0,0,68,386,907,1,Partner,1,1.3363,-1.2534,-0.1679
6237,Postgraduate,7144.0,92,0,23,1,1,0,0,0,60,204,416,2,Alone,3,0.5246,1.4528,1.9668
3130,Graduate,18701.0,95,4,2,0,4,5,0,0,62,390,44,2,Alone,2,-2.2216,1.8367,-0.4261
1619,Graduate,90369.0,2,1,4,6,6,1,0,1,70,62,1588,0,Partner,1,3.3123,-0.5631,-1.4507
1990,Postgraduate,63159.0,74,1,3,5,8,3,0,0,52,601,1797,0,Alone,3,2.4019,1.7137,0.6799
5513,Graduate,37758.0,49,2,1,0,3,8,0,0,60,633,40,2,Partner,0,-2.4611,-0.8596,-0.5631
269,Postgraduate,46757.0,71,6,4,4,7,9,0,0,63,590,1143,1,Alone,2,0.1589,1.6416,2.7225
8093,Postgraduate,79734.0,72,1,4,3,6,1,0,0,57,1,914,0,Partner,1,1.7684,-1.3428,-0.1446
10513,Graduate,63207.0,68,1,2,3,6,7,0,0,34,525,1502,0,Partner,0,0.6833,-0.8358,-2.0098
10177,Graduate,72071.0,4,3,5,4,8,2,0,0,72,500,1338,1,Alone,3,2.0442,1.6633,-0.4892
2549,Postgraduate,21840.0,80,1,1,0,3,9,0,0,43,343,27,1,Partner,0,-2.6285,-0.9129,0.6589
5782,Undergraduate,58582.0,15,2,9,2,9,5,0,0,44,274,763,1,Partner,0,0.5626,-1.2029,-0.0473
10057,Graduate,72282.0,70,1,5,7,9,7,0,1,75,345,1331,0,Alone,3,2.6952,2.2576,-0.5541
10307,Graduate,50387.0,91,3,6,2,8,5,0,0,70,302,525,2,Partner,0,-0.1074,-1.2928,-0.4023
8566,Postgraduate,32583.0,10,1,1,0,2,7,0,0,65,14,9,2,Partner,0,-2.5275,-1.1368,0.9817
2415,Graduate,62568.0,99,3,5,3,5,4,0,0,64,83,953,1,Partner,0,0.5875,-1.1777,-1.1395
5684,Postgraduate,44635.0,25,2,2,0,3,7,0,0,55,261,68,2,Alone,2,-2.0023,1.7469,1.4726
8334,Postgraduate,33316.0,34,3,2,1,4,6,0,0,55,268,131,2,Alone,2,-1.8304,1.6775,1.5318
9166,Graduate,63967.0,57,3,4,4,12,2,0,0,58,324,882,1,Partner,1,1.6631,-1.262,-1.1858
1440,Undergraduate,52513.0,84,2,9,5,9,7,0,0,48,663,1149,0,Partner,1,1.359,-1.0998,0.1343
78,Graduate,25293.0,51,1,1,1,2,8,0,0,57,287,37,1,Partner,0,-2.3614,-0.7476,-1.3745
5441,Postgraduate,54111.0,97,2,5,2,6,5,0,0,61,308,388,1,Alone,2,0.0507,1.5769,1.2745
5302,Graduate,78394.0,13,1,4,6,5,2,0,1,40,499,1428,0,Partner,1,2.5243,-0.3411,-1.6578
4687,Postgraduate,80739.0,92,1,3,11,9,1,0,0,68,402,1633,0,Partner,1,3.8601,-1.4059,0.3924
1087,Postgraduate,22669.0,30,3,4,1,2,9,0,1,51,403,173,1,Partner,0,-1.815,-0.3907,1.9494
6859,Graduate,29236.0,30,2,4,0,3,9,0,0,39,264,99,1,Alone,2,-2.2058,2.0971,-1.0893
9860,Graduate,44911.0,11,3,4,1,4,7,0,0,67,471,215,1,Partner,0,-1.1395,-0.9534,-0.5308
7129,Postgraduate,54693.0,72,8,6,4,13,6,0,0,64,497,929,1,Partner,1,1.2728,-1.526,2.7538
5866,Graduate,48186.0,39,3,4,1,4,7,0,0,52,101,219,1,Partner,0,-1.2538,-0.9667,-1.1276
10521,Graduate,54809.0,0,4,2,1,5,4,0,1,49,291,174,2,Partner,0,-0.8766,-0.5063,-0.5168
7393,Graduate,41580.0,15,3,2,1,3,5,0,0,48,566,92,2,Partner,0,-1.8481,-0.8941,-0.8087
7849,Postgraduate,80336.0,12,1,2,9,13,1,0,0,56,293,1052,0,Partner,1,3.3754,-1.3547,0.1777
332,Graduate,47743.0,56,3,4,1,6,6,0,0,69,464,275,1,Partner,0,-0.6416,-0.9932,-0.5008
9847,Undergraduate,62972.0,39,2,7,4,3,6,0,0,71,695,587,1,Partner,0,0.0688,-1.1691,0.5273
531,Postgraduate,57333.0,55,11,8,5,9,6,0,1,72,645,1662,1,Alone,3,2.2009,1.9091,4.3653
9576,Postgraduate,32313.0,60,3,4,0,4,9,0,0,44,503,159,1,Partner,0,-1.9507,-1.0365,1.3772
6906,Postgraduate,84953.0,73,1,3,10,4,2,0,1,73,391,1024,0,Alone,3,3.1245,2.0962,1.0231
7419,Postgraduate,27071.0,90,2,2,0,3,6,0,0,58,67,35,1,Alone,2,-1.886,1.7015,0.7861
3170,Postgraduate,68148.0,86,1,4,4,6,2,0,0,69,302,1042,0,Partner,1,1.7948,-1.2832,0.4674
8527,Postgraduate,65735.0,37,5,6,2,6,7,0,0,61,204,395,2,Partner,0,-0.4732,-1.4066,2.2244
7872,Postgraduate,86836.0,7,1,6,10,6,5,0,1,51,655,557,0,Partner,1,2.7023,-0.5843,1.3033
9931,Postgraduate,4023.0,29,15,0,0,0,19,0,0,63,6,9,2,Partner,0,-5.5592,-1.2073,4.3866
10595,Graduate,30093.0,19,1,2,0,3,7,0,0,36,356,69,0,Partner,0,-1.8365,-0.6745,-2.1128
4609,Postgraduate,57705.0,14,3,8,1,6,6,0,0,60,169,486,1,Partner,0,0.0576,-1.2578,1.6546
5010,Graduate,25008.0,72,2,1,0,3,8,0,0,38,147,34,1,Alone,2,-2.5255,2.0744,-1.5894
4427,Undergraduate,83257.0,56,1,5,10,12,6,1,1,31,649,1365,0,Alone,3,3.0642,2.3428,-0.5347
11148,Graduate,22280.0,85,1,1,0,2,8,0,0,51,406,13,1,Partner,0,-2.6257,-0.8096,-1.6152
1168,Postgraduate,72159.0,62,1,4,6,10,2,0,0,48,608,1401,0,Partner,1,2.7682,-1.1914,0.4906
9595,Graduate,64260.0,1,1,4,5,4,3,0,1,65,534,1574,0,Partner,1,2.1635,-0.3946,-1.1226
10163,Postgraduate,82733.0,28,1,8,4,7,4,0,1,42,292,1323,0,Alone,3,2.7506,2.1876,1.0378
2886,Postgraduate,74290.0,70,4,10,8,10,6,0,0,55,321,1217,1,Alone,3,2.6226,1.4155,2.1935
6710,Postgraduate,58217.0,84,1,2,0,4,6,0,0,75,589,103,3,Alone,2,-1.5674,1.5542,2.0723
5316,Postgraduate,21024.0,89,1,2,0,4,7,0,0,50,360,84,0,Partner,0,-1.6886,-0.9591,0.3419
9029,Postgraduate,70116.0,73,1,2,8,12,1,0,0,54,519,1536,0,Partner,1,3.2982,-1.3421,0.1843
521,Graduate,54006.0,42,2,8,1,7,7,0,0,41,649,581,1,Partner,0,-0.0778,-0.8674,-0.604
1459,Postgraduate,69063.0,16,1,5,3,5,3,0,0,60,599,928,1,Partner,1,1.0442,-1.1434,1.1905
10241,Undergraduate,11448.0,16,1,1,0,2,6,0,0,51,196,14,0,Alone,2,-2.4211,2.0035,-1.0735
1630,Graduate,61825.0,56,1,4,2,8,4,0,0,47,326,424,1,Alone,2,0.3482,1.8737,-1.3807
3254,Graduate,70886.0,65,1,5,4,4,2,0,0,55,258,960,1,Partner,0,1.0807,-1.0662,-1.6654
9064,Graduate,69109.0,10,1,6,6,7,4,0,1,44,597,1555,0,Partner,1,2.6318,-0.3744,-1.1784
3678,Graduate,60208.0,13,11,8,3,7,7,0,1,53,630,656,2,Alone,2,0.2435,2.2002,2.1539
4227,Postgraduate,32889.0,78,3,2,1,3,5,0,0,58,296,55,2,Partner,0,-1.9315,-1.2054,1.3004
9467,Graduate,34738.0,51,1,1,0,3,6,0,0,42,49,20,1,Alone,2,-2.0253,2.0029,-1.9772
8486,Postgraduate,30538.0,27,4,9,0,4,10,0,0,55,636,367,1,Partner,0,-1.3927,-1.0741,2.4438
2186,Undergraduate,82326.0,30,1,5,10,6,2,0,1,49,111,2257,0,Partner,1,3.7296,-0.6635,-0.8002
3286,Postgraduate,26642.0,71,2,2,0,3,6,0,0,59,120,42,1,Alone,2,-1.8653,1.7598,0.9489
8602,Graduate,69932.0,97,2,7,6,11,4,0,0,62,382,1049,1,Alone,3,2.2683,1.5729,-0.7544
3722,Graduate,44503.0,83,2,2,0,3,6,0,0,54,74,48,2,Alone,2,-2.0028,1.8488,-1.121
6715,Postgraduate,60200.0,3,6,6,2,11,6,0,0,78,543,685,1,Alone,3,0.9769,1.4513,2.972
4796,Graduate,49638.0,71,1,1,0,3,2,0,0,74,71,39,1,Alone,2,-0.8919,1.802,-1.6756
9612,Undergraduate,23830.0,3,1,1,0,3,7,0,0,39,142,43,0,Alone,2,-2.2777,2.0354,-1.199
3766,Postgraduate,33051.0,15,3,9,1,8,9,0,1,67,682,835,0,Alone,3,0.7146,2.3389,2.8464
1399,Graduate,72905.0,52,1,3,7,9,1,0,0,68,159,1515,0,Partner,1,2.9356,-1.151,-1.9182
1570,Postgraduate,69702.0,8,2,7,7,10,4,0,0,75,495,1039,1,Partner,1,2.4069,-1.3576,1.913
3426,Graduate,70300.0,89,3,5,5,13,8,0,0,51,349,1596,1,Alone,3,1.9129,1.6815,-0.4625
3074,Postgraduate,70643.0,66,1,5,8,4,6,0,1,42,622,1828,0,Partner,1,2.5098,-0.4946,1.0605
8341,Postgraduate,30396.0,22,2,1,1,2,7,0,1,57,60,34,1,Partner,0,-1.7753,-0.5143,1.088
5180,Postgraduate,50616.0,56,2,4,0,4,7,0,0,58,72,149,1,Alone,2,-1.1446,1.6866,1.1633
6461,Postgraduate,62772.0,74,1,5,6,11,2,0,0,57,406,946,1,Alone,3,2.2017,1.4739,0.9669
7679,Postgraduate,30298.0,48,1,1,1,3,3,0,0,41,41,28,0,Alone,2,-1.1164,1.8529,-0.3282
10702,Graduate,52413.0,67,2,7,1,7,7,0,0,42,603,450,1,Alone,2,-0.2295,1.8954,-0.7312
7505,Postgraduate,44155.0,24,1,1,1,2,4,0,0,69,161,46,2,Partner,0,-1.6584,-1.2054,0.9067
5113,Postgraduate,86979.0,67,1,5,5,5,2,0,1,55,234,1702,0,Alone,3,3.1111,2.138,0.7904
10858,Graduate,76532.0,38,4,9,5,7,5,0,0,51,293,820,2,Partner,1,1.0477,-1.2729,-0.2641
2961,Graduate,42081.0,86,2,6,3,4,6,0,0,44,488,382,1,Partner,0,-0.6014,-0.9041,-1.122
2747,Postgraduate,67546.0,90,1,4,10,5,3,0,0,38,667,2126,0,Partner,1,2.9921,-1.1043,0.2743
3010,Postgraduate,88420.0,87,1,4,7,8,1,0,0,37,58,2069,0,Partner,1,3.4506,-1.3161,-0.3704
5790,Graduate,31158.0,62,2,2,0,3,8,0,0,41,518,72,1,Partner,0,-2.2774,-0.7508,-1.3
6892,Graduate,61671.0,23,8,10,4,6,8,0,0,58,26,732,1,Alone,2,0.4629,1.6195,0.6292
1743,Graduate,69719.0,99,1,2,3,5,1,0,0,52,34,801,0,Alone,3,1.1567,1.821,-2.4163
3578,Graduate,49160.0,29,2,3,1,6,6,0,0,77,252,236,1,Alone,2,-0.5905,1.8343,-0.6115
8462,Undergraduate,24882.0,52,1,1,1,2,6,0,0,48,658,80,1,Partner,0,-2.3652,-0.8855,-0.6272
5558,Postgraduate,90933.0,90,1,4,6,4,1,0,0,72,90,1685,0,Alone,3,2.9976,1.4632,0.3656
4619,Postgraduate,113734.0,9,0,27,0,0,1,0,0,81,32,277,0,Alone,3,3.4673,1.3667,2.1663
8780,Postgraduate,59292.0,71,2,3,5,8,3,0,0,76,381,507,1,Partner,1,1.0078,-1.4051,1.1555
10789,Postgraduate,45759.0,13,2,2,0,3,7,0,0,62,491,68,2,Partner,0,-1.9814,-1.1316,1.5788
10779,Graduate,22148.0,16,1,1,0,3,7,0,0,43,77,49,0,Alone,2,-2.0099,2.1365,-2.1226
5896,Postgraduate,73395.0,94,1,4,4,6,2,0,0,39,103,397,0,Partner,1,1.1307,-1.2282,-0.3392
2337,Graduate,29819.0,77,3,3,0,3,6,0,0,55,248,39,1,Alone,2,-1.8282,1.9552,-0.9907
10951,Graduate,45688.0,20,2,3,1,8,4,0,0,58,155,306,1,Partner,0,-0.3853,-1.0764,-1.4527
544,Graduate,62820.0,51,1,3,4,6,1,0,0,72,414,976,0,Partner,1,1.6435,-1.0171,-1.6764
17,Postgraduate,60491.0,81,4,6,11,7,5,0,0,55,296,1028,1,Partner,1,1.9268,-1.3534,1.5494
10680,Graduate,33235.0,71,1,3,0,3,7,0,0,40,144,70,1,Partner,0,-2.0511,-0.8701,-1.9216
3265,Graduate,35701.0,36,1,1,0,3,6,0,0,67,467,46,0,Partner,0,-1.4159,-0.7573,-1.5257
5623,Postgraduate,31535.0,95,1,1,1,2,7,0,0,46,276,51,1,Partner,0,-2.1104,-1.0144,0.389
5832,Undergraduate,92556.0,32,0,3,5,13,0,0,0,66,70,1263,0,Partner,1,3.1771,-1.4039,-1.3485
5544,Graduate,67384.0,32,2,7,8,5,5,0,0,56,596,1490,1,Alone,3,1.9941,1.8352,-0.5268
6417,Postgraduate,80573.0,85,1,4,6,13,2,0,0,55,623,1564,0,Partner,1,3.4575,-1.3512,0.5753
5831,Graduate,77870.0,93,3,5,5,5,8,0,1,59,676,1815,1,Partner,1,1.6948,-0.5068,-0.0069
7101,Postgraduate,52278.0,24,6,10,5,10,8,0,0,63,520,1198,1,Alone,3,1.4991,1.4789,3.0909
10176,Graduate,57107.0,44,7,4,4,8,8,0,1,58,674,416,1,Alone,2,0.2754,2.3095,0.8568
2326,Graduate,18929.0,15,1,1,0,4,6,0,0,36,498,85,0,Partner,0,-1.8597,-0.5813,-2.0131
4385,Postgraduate,36038.0,82,2,3,0,3,6,0,0,45,394,47,1,Alone,2,-1.642,1.8203,0.9603
2929,Graduate,20180.0,27,1,2,1,4,7,0,0,50,494,137,0,Alone,2,-1.4863,2.2035,-1.4479
10686,Postgraduate,34230.0,72,1,1,0,2,7,0,0,61,550,21,2,Partner,0,-2.4261,-1.1048,1.2074
2546,Undergraduate,31878.0,7,1,1,0,4,3,0,0,49,7,70,1,Alone,2,-1.7403,1.8589,-1.0367
3283,Undergraduate,70932.0,57,2,6,2,12,3,0,0,54,161,909,1,Partner,1,1.309,-1.3653,-0.3487
3138,Graduate,91249.0,84,0,7,9,6,4,0,1,70,617,1676,0,Alone,3,3.9272,2.3239,-0.6852
4994,Postgraduate,77598.0,53,1,7,5,13,3,0,0,83,271,1735,0,Alone,3,3.8083,1.3696,1.3876
7966,Graduate,80982.0,48,3,11,5,11,5,1,0,67,537,1191,2,Alone,3,2.1783,1.5476,0.1123
3112,Postgraduate,22701.0,2,1,1,0,3,5,0,0,49,297,24,1,Partner,0,-2.0305,-0.9297,0.5306
10872,Postgraduate,55212.0,65,3,4,2,11,8,0,0,57,583,1182,1,Partner,1,0.6174,-1.2932,1.7326
2181,Graduate,70617.0,45,1,3,3,7,2,0,0,56,371,1280,0,Partner,1,1.7256,-0.9808,-1.9072
1867,Graduate,64849.0,42,1,9,3,6,5,0,1,69,593,1336,0,Alone,3,2.3162,2.4366,-0.1965
1518,Postgraduate,62694.0,29,5,9,3,7,7,0,0,61,377,749,2,Partner,0,0.3219,-1.3658,2.7459
5734,Postgraduate,61917.0,83,1,2,0,4,5,0,0,52,221,91,2,Partner,0,-1.3399,-1.2314,0.7544
2878,Postgraduate,67472.0,93,2,4,2,7,3,0,0,79,274,414,1,Partner,1,0.6821,-1.406,1.2273
1458,Postgraduate,21059.0,40,3,3,0,3,6,0,0,44,173,44,1,Partner,0,-2.1167,-1.0101,0.8871
7007,Postgraduate,29543.0,47,2,3,1,2,7,0,0,58,89,63,2,Partner,0,-2.288,-1.1665,1.197
6200,Graduate,75903.0,50,2,6,6,9,3,0,0,75,447,901,1,Partner,1,2.1155,-1.244,-0.7007
1403,Undergraduate,34984.0,40,2,1,0,3,7,0,0,51,661,38,2,Partner,0,-2.7236,-0.9356,0.1796
4827,Postgraduate,54998.0,3,5,4,2,9,4,0,1,70,476,455,1,Alone,3,0.8604,2.0976,2.6154
6250,Postgraduate,54356.0,62,3,11,2,8,8,0,1,77,587,775,1,Alone,3,1.2618,2.0631,3.2165
9291,Postgraduate,34242.0,25,1,0,0,3,5,0,0,67,98,15,1,Partner,0,-1.7987,-1.1233,0.49
2478,Graduate,25410.0,48,1,1,0,4,4,0,0,53,302,38,1,Partner,0,-1.7598,-0.8327,-1.7791
1139,Postgraduate,73356.0,56,1,5,11,5,2,0,1,42,143,1512,0,Partner,1,3.3232,-0.6547,0.3515
5138,Graduate,28320.0,68,1,1,0,3,8,0,0,76,531,43,1,Partner,0,-2.1282,-0.8535,-0.8936
5393,Graduate,23763.0,64,1,1,0,3,7,0,0,49,691,42,1,Alone,2,-2.1878,2.1475,-1.179
10413,Graduate,72570.0,67,1,4,6,12,1,0,0,42,65,1089,0,Partner,1,2.668,-1.1969,-2.5256
5015,Postgraduate,34529.0,94,2,2,2,3,7,0,0,50,653,162,1,Partner,0,-1.5467,-1.0182,1.078
10868,Graduate,70792.0,82,2,3,4,10,3,0,0,75,508,1272,0,Alone,3,2.2986,1.6604,-1.1346
10676,Graduate,63211.0,3,2,3,8,7,2,0,1,44,604,1173,0,Partner,1,2.4473,-0.3949,-1.4221
2495,Postgraduate,83891.0,24,1,4,7,10,1,0,0,52,9,816,1,Partner,1,2.3948,-1.3923,0.3368
7842,Graduate,36065.0,54,3,3,0,3,8,0,0,58,455,74,2,Alone,2,-2.2666,1.9148,-0.2855
9955,Graduate,39898.0,20,2,3,0,4,7,0,0,72,502,134,1,Partner,0,-1.4588,-0.9282,-0.6917
6663,Postgraduate,51141.0,96,1,3,1,4,5,0,0,86,356,157,0,Alone,2,-0.1289,1.6356,1.066
2162,Graduate,56939.0,19,2,3,3,10,3,0,0,50,284,561,1,Partner,0,0.6488,-1.0365,-1.4098
3434,Graduate,80872.0,60,1,4,4,10,1,0,0,75,48,1336,0,Alone,3,2.8837,1.6169,-1.6529
7919,Postgraduate,72335.0,2,1,10,4,8,8,0,1,50,685,2092,0,Partner,1,2.932,-0.5602,1.9793
5626,Postgraduate,61798.0,13,1,4,2,9,4,0,0,62,218,463,0,Alone,2,1.0429,1.6626,0.7705
6428,Postgraduate,76842.0,37,1,1,8,7,0,0,0,76,57,1130,0,Alone,3,2.7886,1.4777,0.2217
8514,Graduate,29478.0,59,1,1,0,3,6,0,0,50,163,20,1,Partner,0,-2.1362,-0.8644,-1.9058
10448,Graduate,46998.0,55,5,5,3,5,7,0,0,70,615,377,1,Alone,2,-0.4092,1.7829,0.1867
2109,Graduate,96843.0,60,1,6,11,10,2,0,1,36,432,1544,0,Alone,3,4.5077,2.3301,-1.4225
7530,Postgraduate,56551.0,48,3,2,1,4,4,0,0,76,53,138,2,Alone,2,-0.948,1.4687,1.5583
8925,Postgraduate,70053.0,38,3,8,5,10,5,0,0,61,361,1012,1,Partner,1,1.8917,-1.4211,1.7199
3009,Postgraduate,71670.0,8,1,5,3,6,6,0,1,64,355,1766,0,Alone,3,2.2413,2.2848,1.5879
6355,Graduate,44359.0,19,3,2,0,4,3,0,0,48,12,45,2,Partner,0,-1.6777,-1.0406,-1.4304
3517,Graduate,40887.0,32,3,3,1,3,9,0,1,74,419,161,2,Alone,2,-1.6104,2.4482,0.5664
1158,Graduate,48877.0,27,1,3,0,4,7,0,0,60,175,144,1,Alone,2,-1.2868,1.9903,-1.0918
6203,Graduate,74485.0,58,1,6,7,12,3,0,0,79,309,1734,0,Partner,1,3.6102,-1.27,-1.1943
7165,Graduate,64474.0,59,2,8,2,10,5,0,0,54,250,823,1,Partner,0,1.097,-1.1746,-0.9437
3595,Graduate,77226.0,29,2,6,8,12,3,0,0,63,121,1138,1,Partner,1,2.7912,-1.2824,-1.067
8537,Graduate,72643.0,60,1,3,10,7,2,0,1,77,487,1429,0,Alone,3,3.4912,2.2592,-0.9905
4331,Postgraduate,85738.0,41,1,3,6,11,1,0,0,48,157,1371,0,Partner,1,3.0872,-1.3247,-0.0409
6281,Graduate,55686.0,27,2,6,3,5,4,0,0,60,500,982,1,Alone,2,0.7302,1.8534,-0.7036
4338,Graduate,39062.0,28,1,1,0,3,4,0,0,43,96,44,1,Alone,2,-1.6241,2.0326,-1.9716
2452,Graduate,34600.0,8,5,5,2,5,8,0,1,55,544,318,2,Partner,0,-1.2117,-0.3948,0.6767
9507,Graduate,40794.0,18,2,6,3,5,7,0,0,51,448,434,1,Partner,0,-0.5688,-0.9187,-0.8726
8360,Undergraduate,54690.0,76,3,3,1,5,3,0,0,55,234,198,2,Partner,0,-1.1845,-1.3074,-0.2536
10311,Graduate,4428.0,0,0,25,0,0,1,0,0,57,267,359,1,Partner,0,0.413,-1.0378,-0.419
5117,Undergraduate,32632.0,32,2,4,4,8,5,0,0,63,696,576,0,Partner,0,0.177,-1.0374,-0.101
4867,Postgraduate,38236.0,2,4,3,0,4,7,0,0,58,282,88,2,Alone,2,-1.9419,1.7065,2.0677
9289,Graduate,36781.0,16,1,2,1,2,8,0,1,47,80,63,1,Partner,0,-1.7883,-0.2612,-1.3374
10913,Postgraduate,31385.0,56,1,1,0,2,8,0,1,42,571,27,1,Alone,2,-1.9462,2.4943,1.2144
3032,Graduate,24570.0,97,3,4,0,4,9,0,0,42,487,193,1,Partner,0,-2.171,-0.8125,-0.8927
8524,Postgraduate,25509.0,15,3,3,0,3,9,0,1,52,649,101,1,Alone,2,-1.8018,2.4698,2.2167
3334,Graduate,94642.0,35,0,5,7,9,1,0,0,75,137,2211,0,Partner,1,4.1773,-1.2286,-1.8037
4470,Postgraduate,58646.0,3,1,2,1,4,4,0,0,64,384,140,1,Partner,0,-0.5913,-1.1038,0.8851
1406,Graduate,53201.0,49,8,6,3,5,7,0,0,51,502,415,2,Alone,2,-0.7952,1.7553,0.8319
8619,Graduate,21994.0,4,1,0,0,3,5,0,0,69,552,22,1,Partner,0,-2.0228,-0.8022,-1.2724
10821,Graduate,57113.0,45,6,4,1,5,7,0,0,48,508,263,2,Partner,0,-1.369,-1.0896,-0.0406
4552,Graduate,51373.0,37,1,3,5,3,4,0,0,35,372,393,0,Partner,0,0.0447,-0.769,-2.2521
898,Graduate,23477.0,39,3,3,0,4,8,0,0,40,251,147,1,Partner,0,-2.2455,-0.7727,-1.1497
9797,Graduate,58116.0,38,2,3,3,8,2,0,0,70,77,443,1,Partner,0,0.6065,-1.2172,-1.4869
10949,Postgraduate,72968.0,8,1,5,5,8,3,0,1,63,195,1958,0,Alone,3,3.2788,2.1021,1.0903
8212,Postgraduate,39791.0,89,2,3,1,4,7,0,0,55,458,174,1,Partner,0,-1.3563,-1.1265,1.0699
6248,Postgraduate,91712.0,47,0,9,7,11,3,0,1,79,255,2217,0,Alone,3,5.054,1.9218,1.6208
10164,Graduate,94472.0,75,1,5,5,5,5,0,0,68,87,1691,1,Alone,3,2.111,1.618,-1.2071
4547,Graduate,13672.0,86,2,1,0,3,8,0,0,66,438,25,2,Partner,0,-2.9425,-0.9073,-0.6852
6815,Undergraduate,96547.0,4,0,7,6,8,2,0,1,46,37,809,0,Partner,1,2.7895,-0.6895,-0.9488
4122,Graduate,79205.0,73,1,6,5,4,4,0,1,51,669,895,0,Partner,1,1.9355,-0.3713,-1.1089
10841,Postgraduate,56559.0,46,3,4,3,8,4,0,0,51,551,484,1,Partner,1,0.4046,-1.262,1.2023
5370,Postgraduate,32644.0,38,4,7,1,6,8,0,0,53,529,413,1,Partner,0,-0.902,-1.1273,2.0436
176,Undergraduate,67506.0,73,1,4,1,6,3,0,0,46,178,331,1,Alone,2,-0.1508,1.7094,-0.7636
4860,Graduate,24206.0,66,1,1,0,3,6,0,0,56,478,25,1,Alone,2,-2.0351,2.0651,-1.3135
10757,Postgraduate,28420.0,36,1,1,0,2,6,0,0,59,187,13,1,Alone,2,-2.03,1.8004,0.6891
4023,Graduate,22979.0,29,3,3,2,2,8,0,1,56,661,115,1,Partner,0,-1.6725,-0.2003,-0.1824
6679,Graduate,33279.0,29,1,0,0,3,3,0,0,60,17,16,0,Alone,2,-1.2294,2.0031,-2.2477
9923,Postgraduate,46423.0,6,3,2,0,4,7,0,0,54,284,92,2,Alone,2,-1.8782,1.6989,1.6541
7181,Graduate,30368.0,97,2,2,0,3,8,0,0,49,234,52,1,Partner,0,-2.2949,-0.8828,-1.4836
3599,Graduate,63684.0,61,3,8,4,8,5,0,0,56,580,1464,1,Partner,1,1.6571,-1.1033,-0.4193
405,Graduate,41638.0,68,4,5,5,3,8,0,0,62,501,441,1,Alone,2,-0.5919,1.9277,-0.08
6870,Postgraduate,68805.0,73,1,3,1,7,2,0,0,67,285,283,1,Alone,2,0.5317,1.5243,0.8162
832,Postgraduate,65814.0,90,3,8,2,10,5,0,0,60,119,747,1,Partner,1,1.1494,-1.4268,1.5053
2002,Graduate,71964.0,81,1,5,6,5,3,0,0,68,405,1870,0,Alone,3,2.6432,1.8047,-1.3363
3657,Graduate,39146.0,1,3,4,0,4,8,0,0,40,500,165,1,Alone,2,-1.6846,2.1175,-0.6447
500,Graduate,96876.0,79,1,7,7,9,2,0,1,49,327,1941,0,Partner,1,4.2278,-0.5912,-1.3769
1951,Undergraduate,34445.0,92,6,11,2,8,9,0,0,45,518,839,0,Partner,0,-0.0354,-1.139,0.9712
3262,Graduate,68281.0,31,1,2,9,13,5,0,1,68,691,1655,0,Alone,3,3.587,2.3692,-0.5438
4102,Undergraduate,37284.0,46,1,0,0,3,6,0,0,51,457,23,2,Partner,0,-2.6574,-0.9862,-0.3947
7042,Graduate,36790.0,14,1,2,1,2,9,0,1,43,485,66,0,Partner,0,-1.5065,-0.0673,-1.2679
10598,Graduate,27943.0,89,3,2,0,3,8,0,0,59,440,37,2,Partner,0,-2.6479,-0.9885,-0.6441
255,Graduate,22263.0,31,2,1,0,3,6,1,0,75,91,21,2,Alone,2,-2.5893,1.9441,-1.023
2375,Graduate,30261.0,75,1,0,0,3,8,0,0,54,642,22,3,Partner,0,-3.1058,-0.8558,-0.6139
9829,Graduate,28587.0,42,3,2,0,4,6,0,0,48,137,78,1,Partner,0,-1.9891,-0.9266,-1.4857
6214,Postgraduate,43815.0,53,1,2,0,3,6,0,0,44,450,79,1,Partner,0,-1.6188,-0.9941,0.5911
4954,Graduate,48195.0,53,6,4,2,5,6,0,0,70,159,265,2,Partner,0,-1.1434,-1.213,0.0523
7861,Postgraduate,77027.0,23,2,8,3,6,4,0,0,74,144,1175,1,Partner,1,1.655,-1.418,1.4901
4837,Postgraduate,71322.0,57,2,8,5,13,4,0,0,61,498,1305,1,Partner,1,2.6821,-1.4337,1.6495
9423,Postgraduate,32765.0,49,2,2,0,4,5,0,0,47,126,46,1,Partner,0,-1.6882,-1.1219,0.4428
4198,Graduate,29672.0,6,1,0,0,3,6,0,0,61,474,25,2,Partner,0,-2.4467,-0.8189,-1.0135
153,Graduate,23272.0,29,1,1,0,3,4,0,0,73,255,46,0,Alone,2,-1.2865,2.0672,-1.5414
9323,Postgraduate,49912.0,5,4,10,5,7,8,0,1,77,660,874,1,Partner,0,1.3338,-0.7567,3.2593
10001,Undergraduate,7500.0,98,4,2,1,3,9,0,0,41,697,100,1,Partner,0,-3.0507,-0.93,0.0651
3945,Postgraduate,68117.0,80,2,11,8,4,6,0,1,79,476,930,1,Alone,3,2.3412,2.0321,2.7148
3799,Graduate,67225.0,4,3,7,2,11,5,0,0,71,215,868,1,Partner,1,1.308,-1.2025,-0.3647
8625,Graduate,17649.0,70,3,3,0,3,8,0,0,50,229,45,1,Partner,0,-2.4878,-0.8803,-1.1781
3491,Graduate,55914.0,32,4,11,6,8,7,0,0,51,426,1260,1,Partner,1,1.5484,-1.0994,-0.0049
983,Graduate,40059.0,82,1,6,2,3,8,0,0,42,274,414,1,Partner,0,-1.1618,-0.837,-1.3288
9119,Graduate,60905.0,27,2,3,3,7,2,0,0,76,206,392,1,Partner,0,0.5832,-1.1881,-1.2505
4786,Graduate,75330.0,94,4,10,3,12,6,0,0,49,633,1109,2,Partner,1,1.551,-1.2852,0.2333
5872,Graduate,60689.0,23,4,4,4,10,3,0,0,75,393,639,1,Alone,3,1.2655,1.6425,-0.2888
6568,Graduate,38680.0,97,1,2,0,3,7,0,0,42,458,79,1,Partner,0,-1.9539,-0.8151,-1.6844
5628,Graduate,61416.0,25,1,10,3,10,6,0,0,44,506,1665,0,Partner,1,2.2383,-0.9649,-1.0712
5631,Graduate,49767.0,92,1,5,4,8,4,0,0,35,423,692,0,Alone,3,0.9678,1.9364,-1.9059
4974,Graduate,83273.0,98,10,4,6,9,7,0,0,56,642,1392,3,Alone,3,0.8461,1.4342,1.5343
8416,Graduate,29009.0,19,2,2,0,3,6,0,0,45,212,44,1,Partner,0,-2.0961,-0.8249,-1.6141
5454,Postgraduate,45057.0,80,1,2,0,3,5,0,0,47,210,50,1,Partner,0,-1.4965,-1.0912,0.3103
4095,Graduate,37150.0,80,8,4,3,6,7,0,0,55,656,467,1,Partner,0,-0.826,-1.0496,0.299
5474,Graduate,43020.0,79,3,4,1,4,6,0,0,56,211,223,1,Alone,2,-1.0737,1.8573,-0.9509
4268,Graduate,53154.0,50,1,3,1,4,4,0,0,67,20,158,1,Partner,0,-0.7102,-1.0393,-1.6223
10701,Graduate,65308.0,60,1,7,8,12,4,0,0,53,291,1211,0,Partner,1,2.9112,-1.1805,-1.6226
3507,Graduate,76467.0,44,2,2,5,5,6,0,1,56,681,1575,1,Alone,3,1.5693,2.4714,-0.3511
2079,Undergraduate,81044.0,0,1,5,6,10,1,0,0,79,184,1208,0,Partner,1,2.8586,-1.3345,-0.5233
626,Graduate,32871.0,28,1,1,0,3,4,0,0,75,477,43,2,Partner,0,-1.8772,-0.9186,-0.8377
4426,Graduate,55801.0,35,6,7,2,6,7,0,0,51,280,527,2,Alone,2,-0.5613,1.7235,0.3616
2591,Graduate,76320.0,49,2,6,3,4,2,0,0,67,7,932,1,Alone,3,1.2418,1.6861,-1.1739
10509,Postgraduate,36927.0,46,2,3,0,3,8,0,0,71,27,71,2,Alone,2,-2.11,1.5971,1.6253
6382,Graduate,48794.0,97,1,1,0,3,4,0,0,73,3,54,2,Partner,0,-1.6569,-1.1465,-1.4989
6673,Graduate,23478.0,51,1,3,0,3,8,0,0,61,467,129,0,Alone,2,-1.6375,2.1206,-1.2167
7441,Graduate,71128.0,80,3,2,10,12,7,0,0,53,631,1615,1,Alone,3,2.4294,1.7085,-0.5737
1071,Postgraduate,70179.0,10,3,7,3,13,5,0,0,50,343,1034,1,Alone,3,1.8881,1.545,1.8252
10061,Graduate,59462.0,29,2,9,2,12,7,0,0,76,540,1088,1,Partner,1,1.4799,-1.2096,0.0344
7187,Postgraduate,51381.5,52,7,4,10,4,3,0,0,57,407,721,2,Partner,1,0.6527,-1.4325,2.1184
8775,Graduate,38361.0,74,3,3,1,3,7,0,0,57,184,137,1,Partner,0,-1.6754,-0.9837,-1.1768
1612,Postgraduate,51381.5,82,2,3,0,3,6,0,0,45,394,47,1,Alone,2,-1.3277,1.8127,1.0051
2345,Postgraduate,70038.0,54,1,4,4,8,2,0,0,44,247,1244,0,Partner,1,1.999,-1.1915,0.0689
322,Graduate,42554.0,93,2,2,0,3,4,0,0,48,533,41,2,Partner,0,-1.8313,-0.916,-1.1637
10897,Graduate,67445.0,63,5,9,6,12,6,0,0,52,686,1174,1,Partner,1,2.1247,-1.2503,0.0826
123,Graduate,67046.0,92,2,4,5,4,2,0,0,75,539,993,1,Alone,3,1.3479,1.7529,-0.781
6103,Graduate,42192.0,40,1,2,1,3,4,0,0,78,296,100,0,Partner,0,-0.6788,-0.9198,-1.6118
7899,Postgraduate,77610.0,70,2,4,7,4,7,0,0,74,608,1680,1,Partner,1,1.6565,-1.2897,1.7119
10500,Graduate,31761.0,96,2,3,0,4,5,0,0,42,85,98,1,Partner,0,-1.7015,-0.9827,-1.9563
1655,Graduate,34350.0,81,1,1,0,3,7,0,0,47,253,48,1,Partner,0,-2.1505,-0.8004,-1.7404
2406,Graduate,54591.0,63,3,6,2,8,5,0,0,77,328,519,1,Partner,0,0.4202,-1.1672,-0.4009
2712,Graduate,71866.0,85,1,6,3,10,3,0,0,70,186,715,1,Partner,1,1.5419,-1.2494,-1.2022
5517,Graduate,25293.0,51,1,1,1,2,8,0,0,57,287,37,1,Partner,0,-2.3699,-0.7892,-1.4534
10643,Postgraduate,42000.0,23,2,5,2,11,5,0,1,39,535,653,0,Alone,3,1.1592,2.2989,1.2829
2254,Graduate,69520.0,95,1,9,6,5,5,0,0,43,357,1455,0,Partner,1,2.0976,-0.9853,-1.58
10281,Graduate,64713.0,11,2,5,5,7,4,0,1,56,142,602,1,Alone,3,1.2937,2.2921,-0.7779
6958,Postgraduate,27889.0,42,1,1,1,2,6,0,0,49,359,26,1,Partner,0,-2.0297,-0.9731,0.515
954,Undergraduate,22123.0,77,1,2,1,3,5,0,0,66,94,102,0,Alone,2,-1.5304,1.8596,-0.8562
5079,Graduate,51381.5,82,4,2,1,3,8,0,0,55,483,97,2,Partner,0,-2.0406,-0.9881,-0.3987
10339,Postgraduate,51381.5,83,2,4,1,4,6,0,0,72,371,207,1,Partner,0,-0.7419,-1.2702,1.291
4643,Graduate,27803.0,40,2,3,0,4,8,0,0,53,672,176,1,Partner,0,-1.9258,-0.7618,-0.7831
3117,Graduate,51381.5,95,3,6,1,5,7,0,0,71,254,450,1,Alone,2,-0.4236,1.763,-0.3599
6497,Graduate,51651.0,32,4,6,2,5,8,0,0,66,599,433,1,Partner,0,-0.5386,-0.9897,0.0158
5396,Graduate,68487.0,48,1,9,7,13,4,0,0,38,532,1366,0,Partner,1,3.1904,-1.0612,-1.4182
5250,Postgraduate,51381.5,75,1,5,5,11,1,0,1,83,242,1564,0,Alone,3,3.3467,1.9658,1.3174
1052,Graduate,56796.0,24,3,8,9,7,7,0,0,57,498,1001,1,Partner,1,1.4824,-1.0264,-0.2259
2802,Undergraduate,87000.0,61,1,4,6,7,2,0,0,34,561,961,0,Partner,1,1.9096,-1.0802,-1.2351
6343,Graduate,79823.0,6,1,6,9,7,2,0,0,67,90,1518,1,Partner,1,2.886,-1.223,-1.3687
6507,Graduate,30828.0,16,2,1,1,4,3,0,0,46,268,56,1,Alone,2,-1.3732,2.0027,-1.6656
7901,Postgraduate,34109.0,39,1,0,0,3,4,0,0,55,235,22,1,Partner,0,-1.7331,-1.0676,0.284
4865,Postgraduate,53367.0,2,7,5,1,8,7,0,1,52,302,400,2,Alone,2,-0.3978,2.087,3.1456
2686,Undergraduate,22390.0,49,1,1,0,2,7,0,0,57,251,26,0,Partner,0,-2.3481,-0.8581,-0.9519
3107,Graduate,71322.0,31,1,4,1,7,2,0,0,50,58,350,1,Partner,0,0.3832,-1.0624,-1.8881
7734,Graduate,79244.0,58,1,4,10,7,1,0,1,33,557,1216,0,Alone,3,3.3494,2.4257,-1.76
1146,Postgraduate,49912.0,5,4,10,5,7,8,0,1,77,660,874,1,Partner,0,1.3465,-0.6941,3.3779
11031,Postgraduate,48699.0,90,1,1,0,3,5,0,0,76,404,40,2,Partner,0,-1.6359,-1.29,1.1712
7428,Graduate,80144.0,47,1,3,7,8,1,0,0,51,272,1367,0,Partner,1,2.7264,-1.0954,-2.2403
975,Graduate,54252.0,25,5,4,1,5,6,0,0,70,397,264,2,Alone,2,-0.9865,1.774,0.3635
1103,Postgraduate,81929.0,60,2,4,4,10,6,0,1,50,638,2053,1,Partner,1,2.6033,-0.6869,1.8292
3422,Graduate,76068.0,67,1,2,3,4,6,0,0,51,577,1376,1,Partner,0,0.5426,-0.9107,-1.3391
1055,Postgraduate,53204.0,40,1,1,0,3,4,0,0,50,101,45,2,Partner,0,-1.6588,-1.1348,0.5817
6544,Postgraduate,67911.0,63,3,6,7,11,3,0,0,77,38,976,1,Partner,1,2.3692,-1.5886,1.4114
1241,Undergraduate,14796.0,1,2,1,0,3,9,0,1,42,650,51,1,Partner,0,-2.7396,-0.1732,0.3109
2909,Postgraduate,78128.0,89,2,8,4,6,3,0,0,52,130,1264,1,Partner,1,1.843,-1.3866,0.9124
5802,Undergraduate,14188.0,40,1,2,0,4,6,0,0,54,486,75,0,Partner,0,-2.001,-0.8612,-0.8097
1407,Undergraduate,20425.0,5,2,2,0,3,7,0,0,40,608,57,1,Partner,0,-2.633,-0.7799,-0.2544
6183,Postgraduate,58646.0,3,1,2,1,4,4,0,0,64,384,140,1,Partner,0,-0.594,-1.1169,0.8602
340,Graduate,72967.0,1,2,7,2,8,5,0,1,56,561,497,1,Alone,3,1.2282,2.4373,0.0127
5991,Postgraduate,48150.0,24,3,5,1,4,7,0,0,77,386,266,1,Partner,0,-0.7839,-1.2057,1.9311
3104,Graduate,82332.0,89,1,5,3,12,2,0,1,65,650,2006,0,Alone,3,3.8494,2.2571,-0.7759
9729,Graduate,58275.0,48,6,8,2,7,7,0,0,71,392,615,2,Alone,2,-0.0552,1.5747,0.83
1008,Postgraduate,44953.0,31,1,7,3,13,6,0,0,45,555,1021,0,Partner,1,1.578,-1.1048,1.0845
11091,Graduate,34587.0,68,2,1,0,3,4,0,0,73,44,22,2,Partner,0,-2.0022,-1.1404,-1.2946
3969,Postgraduate,43018.0,46,1,2,2,2,5,0,0,52,240,133,1,Partner,0,-1.2619,-1.0503,0.499
1916,Postgraduate,45736.0,92,5,7,1,6,7,0,0,72,340,437,1,Partner,0,-0.3893,-1.3346,2.281
9907,Postgraduate,66476.0,80,2,6,8,10,4,0,0,57,207,1013,1,Partner,1,2.1511,-1.4666,0.9787
87,Undergraduate,27733.0,16,2,2,0,3,7,0,0,45,307,57,1,Partner,0,-2.4955,-0.8722,-0.418
8659,Postgraduate,69805.0,50,2,6,8,11,2,0,0,74,159,1038,1,Partner,1,2.7571,-1.5579,1.1816
6262,Postgraduate,72217.0,93,1,3,10,8,2,0,0,64,445,1573,0,Alone,3,3.3173,1.5247,0.5694
6147,Graduate,25818.0,51,1,0,1,2,7,0,0,55,619,28,1,Alone,2,-2.1946,2.1358,-1.2097
8832,Postgraduate,37509.0,24,2,3,0,4,7,0,0,50,655,123,1,Partner,0,-1.5879,-0.9942,1.2675
10067,Undergraduate,25176.0,79,1,1,0,2,7,0,0,50,323,13,2,Partner,0,-3.103,-1.0434,-0.5389
7532,Graduate,43586.0,26,3,3,0,4,8,0,0,46,668,132,1,Partner,0,-1.7371,-0.7934,-0.7448
4915,Undergraduate,53230.0,86,4,5,2,12,5,0,0,70,695,732,1,Partner,1,0.6055,-1.344,0.7833
2115,Graduate,50116.0,68,2,1,0,4,5,0,0,69,9,66,2,Partner,0,-1.7015,-1.0937,-1.1569
2088,Graduate,84906.0,98,1,5,6,12,2,0,0,54,268,1631,0,Partner,1,3.4337,-1.203,-1.8854
2493,Graduate,61286.0,34,2,7,1,8,5,0,0,60,331,608,1,Partner,0,0.4747,-1.0623,-0.7613
6292,Postgraduate,82333.0,60,1,4,3,10,2,0,1,40,456,1822,0,Partner,1,3.125,-0.6816,0.544
1631,Postgraduate,65220.0,3,4,8,4,7,6,0,1,61,664,1282,0,Partner,1,2.136,-0.5996,2.4371
10104,Graduate,33590.0,65,1,1,0,2,7,0,0,52,238,8,3,Partner,0,-3.0304,-0.9866,-1.1175
3006,Graduate,30992.0,83,1,1,0,3,7,0,0,50,433,43,1,Alone,2,-2.0749,2.0795,-1.3821
3919,Postgraduate,72309.0,64,1,5,6,8,3,0,1,50,475,1931,0,Alone,3,3.3387,2.1983,1.0687
11181,Postgraduate,156924.0,85,0,0,0,0,0,0,0,77,304,8,0,Partner,1,1.531,-1.3668,-0.2656
642,Undergraduate,16005.0,69,3,2,1,2,8,0,0,46,684,103,1,Partner,0,-2.7684,-0.8413,0.0552
4369,Postgraduate,65487.0,48,3,3,5,6,2,0,0,69,170,1169,0,Alone,2,1.8763,1.5492,0.8778
10127,Graduate,58692.0,21,1,8,2,4,7,0,0,61,84,395,1,Partner,0,-0.2434,-1.044,-1.051
271,Graduate,40590.0,30,5,3,4,3,6,0,0,57,270,258,2,Alone,2,-1.3044,1.8569,-0.1162
4973,Graduate,20587.0,39,1,1,1,2,7,0,0,56,49,25,1,Alone,2,-2.2955,2.0455,-1.5602
2948,Postgraduate,62637.0,76,1,2,2,5,2,0,0,72,120,185,1,Alone,2,0.1633,1.5517,0.6992
2715,Postgraduate,29435.0,11,4,3,2,2,9,0,1,60,692,180,2,Alone,2,-1.8225,2.4006,2.9859
10432,Graduate,19346.0,26,1,1,0,3,8,0,0,52,150,22,1,Alone,2,-2.507,2.0589,-1.4933
9216,Graduate,35788.0,34,2,2,0,3,6,0,0,55,157,44,2,Partner,0,-2.2601,-0.9781,-1.1868
7124,Graduate,36997.0,72,5,2,1,4,5,0,0,58,513,94,2,Alone,2,-1.7263,1.806,-0.2197
9727,Graduate,23539.0,13,1,2,0,4,6,0,0,69,121,81,0,Partner,0,-1.4772,-0.861,-1.737
5136,Graduate,65333.0,58,7,9,4,8,6,0,0,53,163,798,1,Alone,2,1.0092,1.6038,0.2088
9790,Graduate,78499.0,12,1,11,3,4,4,0,1,69,218,1334,0,Alone,3,2.6138,2.3099,-0.5378
1818,Postgraduate,29732.0,23,1,2,0,2,9,0,0,55,96,38,1,Partner,0,-2.4213,-0.9509,0.8623
1100,Postgraduate,41275.0,33,4,3,1,3,5,0,0,66,97,61,3,Partner,0,-2.0305,-1.3208,2.0077
7873,Postgraduate,63516.0,30,4,4,1,7,5,0,0,53,358,300,2,Partner,0,-0.543,-1.3241,1.7321
10609,Postgraduate,42769.0,15,2,1,1,4,4,0,0,64,260,88,1,Partner,0,-1.1151,-1.169,0.7662
6950,Postgraduate,49572.0,25,2,2,0,3,7,0,0,68,196,54,2,Partner,0,-1.9118,-1.2019,1.4723
7233,Graduate,69209.0,4,2,5,3,6,4,0,0,54,650,1782,0,Partner,1,1.8742,-0.9168,-1.1885
9481,Graduate,17148.0,80,4,3,1,3,8,0,0,50,152,68,1,Partner,0,-2.39,-0.9403,-1.0948
7699,Graduate,40590.0,30,5,3,4,3,6,0,0,57,270,258,2,Alone,2,-1.316,1.8,-0.224
2711,Postgraduate,30560.0,6,1,1,0,3,7,0,0,50,367,31,1,Partner,0,-2.1164,-0.9065,0.786
8933,Undergraduate,32146.0,16,2,2,0,4,6,0,0,43,48,66,1,Partner,0,-2.2254,-1.0209,-0.8731
8726,Undergraduate,41713.0,57,5,3,1,4,6,0,0,62,61,174,2,Alone,2,-1.9359,1.5537,0.546
1515,Postgraduate,34176.0,9,1,1,0,3,3,0,0,51,158,28,1,Partner,0,-1.5301,-1.0109,0.2856
5186,Postgraduate,58482.0,59,2,7,4,9,6,0,0,71,109,731,1,Partner,1,1.0365,-1.4057,1.5056
10157,Graduate,59686.0,78,1,4,1,6,4,0,0,61,155,274,1,Alone,2,-0.1052,1.7418,-1.4705
5667,Postgraduate,60896.0,90,3,9,10,4,6,0,1,62,626,1701,1,Partner,1,2.6122,-0.7688,2.3457
902,Graduate,62994.0,74,1,6,2,4,6,0,0,46,117,312,1,Partner,0,-0.3833,-0.9627,-1.5234
977,Graduate,47320.0,10,6,5,1,8,6,0,0,69,332,414,1,Partner,0,-0.345,-1.0901,0.14
7313,Undergraduate,74859.0,63,1,6,5,11,3,0,0,77,391,1565,0,Alone,3,2.9078,1.4853,-0.1338
7600,Undergraduate,15253.0,13,2,1,0,3,7,0,0,34,244,29,1,Alone,2,-2.8882,2.0057,-0.691
9706,Postgraduate,31560.0,98,2,2,1,3,8,0,0,52,370,94,1,Alone,2,-1.8817,1.7722,1.0589
2429,Graduate,72071.0,4,3,5,4,8,2,0,0,72,500,1338,1,Alone,3,2.0563,1.7226,-0.3767
3520,Postgraduate,91172.0,94,0,4,3,7,3,0,1,36,459,1092,0,Alone,3,2.3753,2.2682,0.4475
10394,Graduate,90000.0,91,1,4,8,5,1,0,0,42,188,1479,0,Partner,1,2.8088,-1.1284,-2.5901
4548,Graduate,41967.0,66,1,1,0,3,4,0,0,45,218,54,2,Alone,2,-1.8925,1.9328,-1.5833
9362,Graduate,69263.0,14,1,9,1,7,6,0,0,61,116,568,1,Alone,2,0.638,1.7463,-0.7705
3968,Undergraduate,65706.0,77,1,11,3,12,7,0,1,56,366,1199,0,Alone,3,2.4178,2.1511,0.6027
4084,Graduate,60934.0,41,2,6,4,11,4,0,0,51,163,873,1,Partner,1,1.3611,-1.1526,-1.2217
6721,Graduate,71965.0,21,3,6,3,5,3,0,0,75,335,1213,1,Partner,0,1.3347,-1.1725,-0.6222
2829,Graduate,65210.0,25,2,9,3,8,6,0,0,71,111,731,1,Partner,0,1.0381,-1.1683,-0.4859
1772,Postgraduate,79174.0,2,1,5,6,7,2,0,1,51,534,2043,0,Partner,1,3.5113,-0.5895,1.0203
1544,Postgraduate,81380.0,51,1,4,2,10,2,0,0,59,554,1893,0,Alone,3,2.9362,1.6258,0.8666
492,Postgraduate,48432.0,3,5,7,1,6,8,0,0,53,619,424,1,Alone,2,-0.493,1.7755,2.624
4377,Graduate,52914.0,32,2,7,3,3,7,0,0,55,538,575,1,Partner,0,-0.293,-0.8947,-0.6275
4541,Graduate,38946.0,84,2,3,1,6,5,0,0,71,248,257,1,Partner,0,-0.7897,-1.0682,-1.1177
1321,Graduate,26067.0,49,3,3,0,3,8,0,0,52,237,56,1,Partner,0,-2.2803,-0.8248,-0.9819
8858,Postgraduate,44325.0,69,4,8,2,7,8,0,0,54,479,542,1,Partner,0,-0.2223,-1.2574,2.0063
3266,Graduate,42523.0,96,1,1,1,4,2,0,0,62,67,125,0,Partner,0,-0.5338,-0.9725,-2.4163
11187,Undergraduate,26487.0,23,3,2,1,3,5,0,0,48,405,69,1,Alone,2,-2.0172,1.8492,-0.2755
8207,Undergraduate,53233.0,18,1,1,0,3,4,0,0,69,103,40,1,Partner,0,-1.501,-1.1319,-0.7796
9723,Graduate,67716.0,8,4,7,4,13,5,0,0,66,535,1016,1,Partner,1,1.9107,-1.2434,-0.0598
2666,Postgraduate,76234.0,21,1,8,3,11,3,0,0,54,143,907,1,Partner,1,2.0259,-1.3669,1.006
5721,Postgraduate,84117.0,60,1,7,10,6,2,0,0,70,49,1566,0,Partner,1,3.6033,-1.43,0.5215
10652,Postgraduate,65487.0,48,3,3,5,6,2,0,0,69,170,1169,0,Partner,1,1.774,-1.3634,0.6138
1646,Undergraduate,25224.0,36,2,1,1,3,3,0,0,54,105,46,1,Partner,0,-1.9343,-1.0307,-0.9175
4418,Postgraduate,89616.0,36,1,7,5,12,2,0,1,43,489,1644,0,Alone,3,4.0699,2.1277,1.1396
2656,Graduate,40851.0,63,1,1,1,2,7,0,0,55,493,59,2,Alone,2,-2.1589,2.0198,-0.8829
7990,Graduate,27469.0,2,1,0,0,3,6,0,0,79,696,17,0,Partner,0,-1.5698,-0.7372,-1.1835
8722,Undergraduate,82347.0,38,1,7,7,10,3,0,1,69,600,1853,0,Partner,1,3.7711,-0.7643,0.198
7118,Graduate,73803.0,61,2,9,5,6,6,0,1,69,697,1528,1,Partner,1,2.296,-0.5748,0.205
2980,Postgraduate,8820.0,52,4,3,0,3,8,0,0,74,464,35,2,Alone,2,-2.6589,1.7247,2.51
1839,Graduate,43322.0,25,1,3,0,4,7,0,0,52,69,141,0,Alone,2,-1.1147,2.0777,-1.6664
10722,Graduate,55593.0,63,2,6,6,3,6,0,0,53,312,546,1,Partner,0,0.1299,-1.0366,-1.1859
2632,Graduate,50501.0,10,7,5,4,4,6,0,1,72,376,500,2,Partner,0,-0.2763,-0.6028,1.0241
9014,Graduate,37085.0,65,4,3,0,3,8,0,0,51,3,61,2,Partner,0,-2.5225,-1.0516,-0.8319
7620,Undergraduate,16185.0,71,2,2,2,2,8,0,0,36,328,106,1,Alone,2,-2.6526,1.9591,-0.5558
10968,Graduate,57731.0,0,4,8,8,6,6,0,0,57,583,704,1,Alone,2,1.2178,1.7904,-0.0037
11133,Postgraduate,48432.0,3,5,7,1,6,8,0,1,53,619,424,1,Alone,2,-0.1525,2.2443,2.8532
2736,Graduate,73807.0,88,2,5,5,11,2,0,0,48,543,849,1,Partner,1,1.9611,-1.1575,-1.283
1876,Graduate,18929.0,15,1,1,0,4,6,0,0,36,498,85,0,Partner,0,-1.859,-0.5779,-2.0066
5959,Graduate,35893.0,80,6,3,1,5,8,0,0,58,622,199,2,Alone,2,-1.8765,1.8218,0.4207
1092,Graduate,61014.0,17,4,9,3,4,7,0,0,46,687,1147,1,Partner,0,0.4993,-0.8966,-0.0347
4333,Graduate,32144.0,76,4,2,1,3,7,0,0,72,98,54,2,Partner,0,-2.2527,-1.0965,-0.4785
3850,Undergraduate,14918.0,52,1,1,0,3,6,0,0,63,569,43,1,Partner,0,-2.5039,-0.9206,-0.3359
6168,Graduate,45146.0,28,2,1,1,2,4,0,0,63,349,53,2,Alone,2,-1.6689,1.8937,-0.9145
607,Undergraduate,41769.0,31,6,8,1,7,8,0,0,71,501,521,1,Alone,2,-0.6061,1.6538,1.7476
10469,Graduate,88325.0,42,1,6,2,9,2,0,0,45,144,1623,0,Partner,1,2.581,-1.1368,-2.1373
6983,Postgraduate,38054.0,24,2,2,0,3,7,0,0,76,59,45,2,Alone,2,-2.017,1.6267,1.6771
3661,Undergraduate,80617.0,42,1,4,6,8,2,0,0,31,625,1435,0,Alone,3,2.328,1.8107,-1.0092
9303,Graduate,5305.0,12,0,1,0,0,13,0,0,50,334,32,1,Partner,0,-3.8467,-0.5631,-1.3045
692,Graduate,36807.0,88,1,1,0,2,6,0,0,72,556,16,2,Partner,0,-2.2148,-0.9152,-0.7917
736,Graduate,28427.0,67,2,2,0,3,8,0,0,43,465,52,1,Partner,0,-2.3326,-0.7302,-1.2456
9589,Postgraduate,82032.0,54,0,4,6,7,1,0,0,78,85,1234,0,Alone,3,2.9018,1.4395,0.3479
4838,Graduate,22775.0,40,1,1,0,2,8,0,0,48,375,15,1,Partner,0,-2.6348,-0.7082,-1.5149
9246,Postgraduate,40101.0,73,4,6,1,6,7,0,0,41,623,415,1,Partner,0,-0.801,-1.1457,1.6067
6261,Graduate,58025.0,81,3,3,2,10,4,0,0,47,215,470,1,Partner,0,0.2496,-1.1374,-1.4386
7366,Postgraduate,75777.0,12,1,3,6,11,1,0,1,44,360,1438,0,Alone,3,3.3839,2.1697,0.6271
10659,Undergraduate,7500.0,7,4,3,2,2,7,0,0,47,418,53,1,Partner,0,-2.6927,-0.9444,-0.0057
1448,Postgraduate,33562.0,33,3,2,0,4,4,0,0,63,4,51,3,Partner,0,-2.1892,-1.3066,1.5361
4286,Postgraduate,57642.0,24,3,7,6,6,4,0,0,56,171,679,1,Alone,3,1.1336,1.5647,1.4772
4749,Graduate,58554.0,55,6,8,2,6,7,0,0,58,641,586,2,Partner,0,-0.3341,-1.1422,0.663
4478,Graduate,63777.0,87,8,11,1,6,8,0,0,47,462,653,2,Partner,0,-0.3495,-1.2308,0.9342
4201,Graduate,57967.0,39,5,4,2,8,5,0,0,64,483,468,1,Alone,2,0.1951,1.7604,-0.1055
8720,Undergraduate,51381.5,53,0,0,0,1,0,0,0,48,686,1679,0,Partner,0,0.2385,-0.9208,-1.6934
10084,Graduate,24434.0,9,2,2,1,2,7,0,0,54,42,50,2,Partner,0,-2.6258,-0.9281,-1.2016
7004,Graduate,11012.0,82,3,3,1,2,9,0,0,42,470,84,1,Alone,2,-2.6315,2.1004,-0.8853
9817,Postgraduate,44802.0,71,2,9,4,12,8,0,0,56,677,1049,0,Alone,3,1.7036,1.6249,1.8538
8080,Graduate,26816.0,50,1,0,0,3,4,0,0,40,681,22,0,Alone,2,-1.5403,2.2038,-2.0351
8372,Graduate,34421.0,81,1,1,0,2,7,0,0,52,363,30,1,Partner,0,-2.2271,-0.8344,-1.6688
10870,Graduate,61223.0,46,2,9,3,4,5,0,0,59,381,1341,1,Partner,0,1.0261,-1.0994,-0.7904
4001,Postgraduate,64014.0,56,7,8,2,5,7,0,0,80,19,444,3,Partner,0,-0.6994,-1.6199,3.2815
7270,Graduate,56981.0,91,1,2,3,13,6,0,0,45,155,1241,0,Alone,3,1.4254,1.7947,-1.9105
8235,Postgraduate,69245.0,8,2,6,5,10,3,0,0,70,156,843,1,Partner,1,1.8965,-1.4412,1.2669
9405,Postgraduate,52869.0,40,3,3,1,4,7,0,1,72,622,172,2,Partner,0,-0.9757,-0.6873,2.51
